author_id,text,geo,created_at,retweets,replies,likes,quote_count
1098027548229828609,"I just posted ""Top 5 | Favourite Pieces I Wore In November 2021! #top5 #november #australia #streetwear #clothing #fashion #style #hoodie #jacket #tshirt #uniqlo #undercover #kapital #andersonpaak #levis #clothing #..."" on Reddit

https://t.co/sP2lJporHB",,2021-12-07 11:48:52+00:00,0,0,0,0
1098027548229828609,Top 5 | Favourite Pieces I Wore In November 2021! https://t.co/l9xR2rFpHq via @YouTube #top5 #november #australia #streetwear #clothing #fashion #style #hoodie #jacket #tshirt #uniqlo #undercover #kapital #andersonpaak #levis #clothing #youtube #twitter #blogger,,2021-12-07 11:47:57+00:00,0,0,0,0
1429798704307789829,his shein shein uniqlo era https://t.co/CUpH05ejxw,,2021-12-07 11:37:02+00:00,0,0,2,0
1436169463225720841,"Wts outer uniqlo + Haechan cafe 100k ajaa
Dom Jateng https://t.co/JKU09F1jMd",,2021-12-07 11:31:20+00:00,0,0,0,0
1418517412069056517,"@OOTDFESS kadoin sweater nder! ada h&amp;m zara pull&amp;bear stradivarius bershka uniqlo hush puppies under 99k ajaaaüí∏ü§ç
shopee: https://t.co/5w8qDBBWid
instagram: https://t.co/Njrq75NZls https://t.co/eFiqGOloR5",,2021-12-07 11:16:17+00:00,0,0,0,0
1418517412069056517,"@OOTDFESS YUKKK jajan sweater h&amp;m zara pull&amp;bear stradivarius bershka uniqlo hush puppies under 99k ajaaaüí∏ü§ç
shopee: https://t.co/5w8qDBBWid
instagram: https://t.co/Njrq75NZls https://t.co/OiGFQKF02z",,2021-12-07 10:58:42+00:00,0,0,0,0
1116677300790157312,@AnArsenalMinion @UNIQLO_UK So happy you got me into them üòÉ,,2021-12-07 10:42:31+00:00,0,0,0,0
42198821,This account is turning into an Arsenal slander page. Don‚Äôt worry music heads I‚Äôll be back soon once Uniqlo Man and the DGD leaves,,2021-12-07 10:42:24+00:00,4,1,31,0
1396009460389367810,need fashion inspiration im sick of being an Asian Uniqlo boy,,2021-12-07 10:42:05+00:00,0,1,3,0
1272943250211471361,Uniqlo and M&amp;S do some very good quality men's winter coats.,,2021-12-07 10:20:36+00:00,0,2,5,2
702761018,"This 12.12 Sale, we‚Äôre offering an online exclusive for JCB Credit Card holders!

Explore #GiftsForAll here at #UniqloPH

Learn more:
https://t.co/FGSGziTEuA

Promo runs from Dec 10-16, 2021.
DTI Fair Trade Permit No. FTEB-133014 Series of 2021 https://t.co/Rl9Vzcjom5",,2021-12-07 10:00:02+00:00,0,0,6,0
131082382,@MiuchiMilkTea I hope Uniqlo's Heattech is available there,,2021-12-07 09:58:14+00:00,0,1,1,0
1298438810871582723,"03. Brand Uniqlo 49kü§ç
link: https://t.co/cuRyK8RfJN https://t.co/eYeLCx6PAy",,2021-12-07 09:54:48+00:00,0,1,0,0
1136706552,the 20% Uniqlo rebate is tempting but I don't think I like enough of the current stock to reach the minimum spend,,2021-12-07 09:47:57+00:00,0,0,0,0
1364202462538657792,Hello all. Do follow and dm us to grab your favourite Uniqlo items üòäüòäüòä https://t.co/M14egC9ORE,,2021-12-07 09:36:37+00:00,0,1,0,0
123791065,Ikea can get fucked but I will happily take a significant equity share in a local Uniqlo chapter,,2021-12-07 09:34:39+00:00,0,1,13,0
119217218,@lunasorcery I had this thought while walking through Uniqlo the other day. ‚ÄúWhy do girls get so many clothing options? ‚Ä¶ Is this how some people crack their eggs?‚Äù,{'place_id': '074898ace1d8ef8a'},2021-12-07 09:34:38+00:00,0,0,5,0
958682020380471296,JUSTIN LIVING H&amp;M AND UNIQLO MANNEQUIN üò≠‚úãüèª https://t.co/6DcZugK6SQ,,2021-12-07 09:33:15+00:00,0,0,1,0
952119030290067456,H&amp;M and Uniqlo are now overrated. ü•¥,,2021-12-07 09:25:33+00:00,0,0,0,0
995115611435843584,I‚Äôm not sure what I‚Äôm crying about. A game sword from a gatcha game that I can‚Äôt afford. Uniqlo‚Äôs pyjama sale. My parents coming to visit. Being unable to sleep for days. Having less time spent with azim. Not having a maine coon. Moving out during christmas break. Or just the bpd,,2021-12-07 09:08:46+00:00,0,2,0,0
1454759328112590849,"Top:Uniqlo Others:random shit @ Changsha city, Hunan https://t.co/sDnMMf21tA",,2021-12-07 09:06:00+00:00,0,0,0,0
246998858,"@UNIQLO_UK hello, I need to return an item but I don‚Äôt have a printer. Is there any other way? Most stores offer a label that can be printed in the post office",,2021-12-07 09:05:04+00:00,0,0,0,0
107610720,"It sure is a disappointment when you find out that Uniqlo is doing a collaboration with someone you're a big fan of, but all the tshirt designs are bland or unappealing.",,2021-12-07 09:02:53+00:00,0,0,1,0
901220377535401984,If only uniqlo in the fan does bananarama about things is rising?,,2021-12-07 08:40:10+00:00,0,0,0,0
978611720422871040,"This winter, you can share the gift of warmth with people forced to flee. 

When you purchase any selected HEATTECH product between 30 November and 21 December, our partner @UNIQLO_UK will donate 1 to UK for UNHCR and 1 to @Centrepointuk #WarmerTogether https://t.co/6pMXdpfriz",,2021-12-07 08:15:00+00:00,1,0,2,1
1133626164784664576,Uniqlo ezy jeans are for if you're depressed enough to wear sweatpants but not depressed enough to wear sweatpants,,2021-12-07 08:12:12+00:00,0,1,1,0
1457984969859502083,@SKECHYKECHI_ DID YOU GET THE SKORT FROM UNIQLO CUS I HSVE THE EXACT SAME ONE WITH THE EXACT SAME COLOR,,2021-12-07 08:00:29+00:00,0,1,1,0
1053138514173292544,"Brand UNIQLO

- Eco Bag Size M : IDR 42.000
- Ciput Headband (Black and Natural) : IDR 95.000
- Ciput Ninja (Black) : IDR 145.000 https://t.co/OMNtzlsFIa",,2021-12-07 07:57:30+00:00,0,1,0,0
782820607,otw to the cafe lol üèÉüèª‚Äç‚ôÄÔ∏è finally wearing the gojo shirt after it arrived from uniqlo months ago ((as soon as it was released)) üòÜ hbd satoruzZz https://t.co/4xLydrpAYZ,,2021-12-07 07:54:28+00:00,0,2,17,0
14280519,truly a uniqlo trash ‚Äî bought the same shirts in different colours üò≠,,2021-12-07 07:51:32+00:00,0,0,0,0
244430425,I cannot spread the word widely enough @UNIQLO_UK i love u guys so much https://t.co/QRs7RKoFWH,,2021-12-07 07:44:18+00:00,1,1,3,0
878761728506343424,can uniqlo stop dropping so many new arrivals so i can catch up on slowly buying the things i wanted from over summer,,2021-12-07 07:43:17+00:00,0,0,3,0
941324988979621888,@albedons uniqlo is hard minimum for everything üò≠,,2021-12-07 07:42:09+00:00,0,2,0,0
1228868203331252232,11. maybe uniqlo?,,2021-12-07 07:34:47+00:00,0,1,0,0
1673181566,anyways who wants to make a custom uniqlo t shirt for me,,2021-12-07 07:32:51+00:00,0,2,0,0
1193297618308255744,i missed the uniqlo collection like an idiot and i‚Äôve been TRYING to get my hands on the gojo shirt ever since -__- i‚Äôm out here resorting to ebay. like this man has ruined my life,,2021-12-07 07:31:09+00:00,0,1,0,0
998019241956724736,"brand: uniqlo
prize: 990 Php",,2021-12-07 06:45:37+00:00,0,1,0,0
972258446253813761,I guess uniqlo is the only place I can buy shirts.,,2021-12-07 06:12:58+00:00,0,1,0,0
1061840433695739904,"#UNIQLO #„É¶„Éã„ÇØ„É≠: More possibi ...
 
https://t.co/5jvfR6w92k
 
#CiaoNihon #Japan #Lifestyle #UNIQLO„É¶„Éã„ÇØ„É≠ #„É¶„Éã„ÇØ„É≠ #„É©„Ç§„Éï„Çπ„Çø„Ç§„É´ #ÁîüÊ¥ªÊßòÂºè #Knit #Li https://t.co/NJf0LCNuM3",,2021-12-07 06:04:06+00:00,0,0,0,0
702761018,"+S lets you move how you want with its superior functions.

Available online &amp; UNIQLO Manila Global Flagship Store (Glorietta 5) on Dec 13, 2021

Shop here:
https://t.co/V4OtAk3ygI

Get the App:
https://t.co/PS1sl5lwHr

#SportsUtilityWear #ActiveYourWay #UniqloPH #LifeWear https://t.co/cFj0OrvutY",,2021-12-07 06:00:00+00:00,1,0,9,0
1373465936276025350,How 'bout Uniqlo ? Do you believe what they 're doing for the planet and people ? https://t.co/1ncAKqMxDN,,2021-12-07 05:15:36+00:00,0,0,0,0
1003644814884159488,@etronldd shirts frm uniqlo nice af though,,2021-12-07 05:04:36+00:00,0,1,0,0
1465503199016759302,UNIQLO TRY ON HAUL &amp; REVIEW | BEST OF UNIQLO 2021 https://t.co/Lv7YE0ownh via @YouTube,,2021-12-07 05:03:39+00:00,0,0,0,0
1465503199016759302,Uniqlo U Collection | Fall/Winter 2021 | Pickups |Ariel Cheng https://t.co/qy1Bgl3LeH via @YouTube,,2021-12-07 05:03:08+00:00,0,0,0,0
1465503199016759302,Are The New Uniqlo Collabs Any Good? | Uniqlo FW 21' Review https://t.co/wyHJWGHOd9 via @YouTube,,2021-12-07 05:01:17+00:00,0,0,0,0
1006939341245972480,"@switchhalf Tbh best part about winter is wearing multiple layers of Uniqlo (heat tech, shirt, sweater, coat). Heck even most of my underwear are from Uniqlo. üôÉüôÉüôÉüôÉüôÉ #tmi",,2021-12-07 04:58:48+00:00,0,0,0,0
1085710342619975680,boys in basic uniqlo clothes &gt;&gt;,,2021-12-07 04:52:39+00:00,1,1,0,0
1342113610978320384,"people replying/qrt-ing this saying shein/uniqlo etc are cheap brands anyway DID NOT get it at all üíÄ

also shein magnanakaw ng designs ng smaller brands https://t.co/gKQtKgpaKx",,2021-12-07 04:51:48+00:00,0,1,13,0
1357176189027110919,"Japanese video game giant Best alabama Crimson Tide 2021 SEC Football Conference Champions shirt . Nintendo teamed up with t-shirt brand Uniqlo to bring you the biggest t-shirt design competition in the world.

https://t.co/YPtVZAzDfc https://t.co/TEDWZGWCaN",,2021-12-07 04:47:41+00:00,0,0,0,0
1414167219211169798,"@haruyukitanuki mmmm there is one in 313? Orchard Central there ( got Dondondonki de), opposite Uniqlo-
I tried one and it's pretty good but costly so be careful~",,2021-12-07 04:47:23+00:00,0,0,1,0
1006583912594853888,@ArielParrella I was in a Uniqlo Saturday. You threw your items in a bin next to the unmanned computer/cashier and the price showed on the screen. Somehow a chip knew the price without scanning tags,,2021-12-07 04:42:30+00:00,0,0,0,0
4855297299,"And these @UniqloUSA fleeces are on point. $30 and cozy. Most sizes sold out right now, but you can set an email restock alert ‚Äî https://t.co/OwwPSmGZxl https://t.co/rpKpqPYpGc",,2021-12-07 04:29:50+00:00,0,1,4,0
979940192919400449,@marvinnator_ SCRRRAPE! That's just too cute! My cat used to do that with my hair when he was younger. (Those uniqlo jackets are soo comfy),,2021-12-07 04:23:18+00:00,0,0,1,0
59093110,Uniqlo PJs are just SO comfy,,2021-12-07 04:18:17+00:00,0,0,1,0
1168518517928484865,"As a result, many eCommerce sites, B2B sites, etc. might see an increase in traffic and rankings.
Below are 2 examples of sites that are seeing similar increases in visibility since the PR update: Progressive and Uniqlo. What do these sites have in common?",,2021-12-07 04:17:01+00:00,0,1,0,0
1133669889124626432,@nottrising Me in my uniqlo suit,,2021-12-07 04:08:33+00:00,0,1,1,0
1384636865261629443,@4teu3f @switchhalf I love Uniqlo too their clothes fit me so well I wear jeans a flannel both from uniqlo as a fit once a week,,2021-12-07 04:07:59+00:00,0,1,2,0
78946471,@BreeMinneapolis Uniqlo used to have windproof joggers that were amazing. Probably some similar windproof lined softpant out there?,,2021-12-07 04:07:45+00:00,0,0,1,0
1006939341245972480,@switchhalf My entire closet is from Uniqlo omg,,2021-12-07 04:06:54+00:00,0,2,1,0
1293561506517454857,@4teu3f (also i also v much love uniqlo and i feel like a trash human. i have a lot of business casual clothes from there and they‚Äôre the best),,2021-12-07 04:05:45+00:00,0,1,0,0
702761018,"UNIQLO &amp; Mame Kurogouchi‚Äôs 2021 Fall/Winter Collection blends ultimate comfort &amp; intricate design. 
 
Shop online or in all UNIQLO Stores nationwide:
https://t.co/SQiDBQA9Ae

Get the App:
https://t.co/sM7YA9DBUk
 
#MameKurogouchi #UniqloMameKurogouchi #UniqloPH #LifeWear https://t.co/74epanK4iF",,2021-12-07 04:00:00+00:00,0,0,10,0
1006939341245972480,"11. Favorite store: UNIQLO I KNOW IT'S BAD FOR THE PLANET AND THEY EXPLOIT THEIR LABORERS BUT I'M A UNIQLO WHORE I'M SO SORRY (sometimes Muji)

12. Phobia: Snakes. I just can't.

13. Cats or dogs: THE ONLY CORRECT ANSWER IS BOTH FIGHT ME",,2021-12-07 03:59:30+00:00,0,2,1,0
1302128388878950402,me with uniqlo https://t.co/8kzkTiDmX1,,2021-12-07 03:51:47+00:00,0,0,1,0
68141133,"PSA for guys: if u think Uniqlo is top tier underwear, wait til u try Kalenji (Decathlon) underwear hahahaha",,2021-12-07 03:48:16+00:00,0,0,3,0
1423444086078414854,Please i was so excited to go to uniqlo(the stand alone store cos its hella big) then idk there was so many ppl inside and it wrecked my whole mood https://t.co/r25j1lJjmG,,2021-12-07 03:36:33+00:00,0,0,0,0
4613728392,THIS IS ME AND MY LOVE FOR UNIQLO TROUSERS!!!!!! https://t.co/nzxGpLwkn7,{'place_id': '00db114a724bde88'},2021-12-07 03:30:21+00:00,0,0,0,0
632165167,"@Feech__ perhaps you've seen these, then? üôÇhttps://t.co/5bg3XIlClU",,2021-12-07 03:28:49+00:00,0,1,0,0
236558026,"Today's ice watch is black red¬†of steel and forever red of dune. And today's uniqlo coordinate.
#icewatch #„Ç¢„Ç§„Çπ„Ç¶„Ç©„ÉÉ„ÉÅ #blackred #foreverred #„Éñ„É©„ÉÉ„ÇØ„É¨„ÉÉ„Éâ #„Éï„Ç©„Éº„Ç®„Éê„Éº„É¨„ÉÉ„Éâ #Uniqlo #uniqlo„Ç≥„Éº„Éá #„É¶„Éã„ÇØ„É≠ #„É¶„Éã„ÇØ„É≠„Ç≥„Éº„Éá https://t.co/JrUwEwqw8o",,2021-12-07 03:24:05+00:00,0,0,0,0
1248332161511329792,"I put on my fuzzy brown uniqlo jacket for the first time this season and Maxwell thought I turned into a cat and started grooming me. I‚Äôm absolutely floored, nothing can break me tonight. https://t.co/SysdkWSR8k",,2021-12-07 03:17:48+00:00,1,3,45,0
1324669145837785089,"how much would you pay for hana tajima airism headband uniqlo?
me : millions thousand billionsüôÇü§ó",,2021-12-07 03:05:23+00:00,0,0,0,0
1455364193834520577,"HELP RT üá≤üáæ | JJK Nobara X Uniqlo (ver 1)

üêæ new with tag (L)
üêæ RM70 (with postage)

can DM for more info üòä https://t.co/49Ws4MytN2",,2021-12-07 03:04:22+00:00,22,1,14,0
702761018,"Keep moving and stay active with this lineup of sweats from UNIQLO.

These #LifeWear items are designed to keep you at ease even in sweaty situations. Get yours today!

Learn more:
https://t.co/NfnzprGpf8

Download the UNIQLO App:
https://t.co/wNMmBbouQB

#UniqloPH https://t.co/zGB754TdC9",,2021-12-07 03:00:00+00:00,0,0,11,0
1248207620147576832,"Gunpla x UNIQLO collaboration T-shirts released!Original Gunpla for purchase bonus!
https://t.co/N5G6cwySMT",,2021-12-07 02:57:45+00:00,0,0,0,0
231012413,"We don't need a uniqlo, we NEED A NATIONAL BOOK STORE !!!!! HAHAHAH",,2021-12-07 02:51:36+00:00,0,1,5,0
2239862010,muji so crazy it‚Äôs like ‚Äúoh u like uniqlo &amp; ikea ? what if they were the same thing‚Äù,,2021-12-07 02:39:06+00:00,0,0,6,0
25611639,Check out this listing I just added to my #Poshmark closet: Uniqlo Girls Uniform Pants. https://t.co/8QmjIlbh0Y #shopmycloset @poshmarkapp,,2021-12-07 02:32:56+00:00,0,0,0,0
757123791768080384,Yoooo this uniqlo body shaper gave me like 100% confidence boost,,2021-12-07 02:32:19+00:00,0,0,0,0
25611639,Check out this listing I just added to my #Poshmark closet: Uniqlo Heattech Crew Neck Top. https://t.co/ejPa97gUrt #shopmycloset @poshmarkapp,,2021-12-07 02:31:38+00:00,0,0,0,0
25611639,Check out this listing I just added to my #Poshmark closet: Red Uniqlo Shorts. https://t.co/SCC8BpOAox #shopmycloset @poshmarkapp,,2021-12-07 02:31:28+00:00,0,0,0,0
863657830028410880,"@piriipirifries If you definitely don't think you can thrift(ig stores) or shop in sarojini then check uniqlo, zara, primary, alternatives for them, hm and urbanic(!! Pretty jackets tho idk about quality), myntra and ajio",,2021-12-07 02:18:39+00:00,0,1,1,0
1418517412069056517,"@OOTDFESS sweater crop kak! ada h&amp;m zara pull&amp;bear stradivarius bershka uniqlo hush puppies under 99k ajaaaüí∏ü§ç
shopee: https://t.co/5w8qDBBWid
instagram: https://t.co/Njrq75NZls https://t.co/voD8f3aKSD",,2021-12-07 02:18:26+00:00,0,0,0,0
702761018,"Share the gift of #LifeWear with your family and friends with this lineup of cozy items. Shop yours today!

Learn more here:
https://t.co/oXqQ351Uxv

Download the App:
https://t.co/TGqdce3Ex8

#UniqloPH #GiftsForAll https://t.co/eKGMTFhH8I",,2021-12-07 02:00:00+00:00,0,0,4,0
61933498,@RJero33 Uniqlo for the win!,,2021-12-07 01:49:51+00:00,0,0,0,0
1087508254928850944,"The Sonic layered set looks SO good without the hat.  It reminds me a lot of the old UNIQLO collab gear from P3rd, 4, and Gen. https://t.co/WT54X1q7Cb",,2021-12-07 01:46:13+00:00,0,1,4,0
1168534197989982217,So good I had to share! Check out all the items I'm loving on @Poshmarkapp #poshmark #fashion #style #shopmycloset #ragbone #lasenza #uniqlo: https://t.co/cZRoLIqu0s https://t.co/LAiV7ofRaU,,2021-12-07 01:30:53+00:00,0,0,0,0
194431412,So good I had to share! Check out all the items I'm loving on @Poshmarkapp #poshmark #fashion #style #shopmycloset #uniqlo: https://t.co/jIznXUYpPO https://t.co/o2E6gb5OXJ,,2021-12-07 01:30:06+00:00,0,0,0,0
793866723246026752,@BreeMinneapolis The uniqlo fleece lined bizness lite joggers,,2021-12-07 01:24:50+00:00,0,0,1,0
916379793922379787,@BreeMinneapolis Uniqlo fleece leggings. I put ‚Äòem on my girls and I wish they made mens sizes but they look comfy af.,,2021-12-07 00:54:54+00:00,0,1,3,0
1418517412069056517,"@OOTDFESS YUKKK jajan sweater h&amp;m zara pull&amp;bear stradivarius bershka uniqlo hush puppies under 99k ajaaaüí∏ü§ç
shopee: https://t.co/5w8qDBBWid
instagram: https://t.co/Njrq75NZls https://t.co/3JeI3jEwGt",,2021-12-07 00:46:49+00:00,0,0,0,0
3239217775,@thow_a It‚Äôs Uniqlo x engineered garments!,,2021-12-07 00:27:51+00:00,0,0,1,0
1380896059451396103,@rogerchokerer im truly going for the full package here uniqlo should sponsor me,,2021-12-07 00:26:59+00:00,0,1,1,0
15292710,"@BenKuchera Uniqlo is a surprisingly cost effective way to look surprisingly nice if there's one near you. Customer service is a bit of a dice role, tho.",,2021-12-06 23:51:14+00:00,0,1,0,0
1296456178969350144,"‚ú® THRIFT CLOTHES ‚ú®

- All item only 65k üí∏
- Ambil 2 jadi 120k aja ‚ù§Ô∏è
- DM for more!
- Shopee by request üõçÔ∏è

t. Jual baju kemeja blouse thrift branded Uniqlo, H&amp;M, Zara, dll https://t.co/wfA5TbnkLO",,2021-12-06 23:33:41+00:00,0,1,0,0
1340530148429316096,Check out yugioh x Uniqlo dark magician +Blue-Eyes White Dragon t shirt M size unopened #Uniqlo https://t.co/thCIKRY52Y via @eBay,,2021-12-06 23:26:42+00:00,0,0,0,0
26282332,My warm (and comfy) take is that all of Marvel's NYC superheroes wear Uniqlo HeatTech under their costumes for half the year üòú https://t.co/RATsYL8zWQ,,2021-12-06 23:07:47+00:00,1,1,11,0
1431572555811414018,@KyousouShiro @Noeluxembourg I didn‚Äôt know Uniqlo in Strasbourg. But it‚Äôs interesting. This shop is so expand sales also in EU.,,2021-12-06 23:06:42+00:00,0,0,0,0
57191722,@jagerbott Uniqlo always came across to me like it wouldn't fit me very well but I'm going to try,,2021-12-06 23:01:46+00:00,0,1,0,0
2984336161,"@seraaputa Yeah, I usually go to Uniqlo for my stuff/most of my clothing",,2021-12-06 23:01:19+00:00,0,1,0,0
57191722,I'll probably do Uniqlo and The Gap,,2021-12-06 23:00:44+00:00,0,2,1,0
1185807459337691136,UNIQLO Wherever You Go | S1: Japan [Trailer] https://t.co/DlFZQg7SpU @YouTube„Çà„Çä,{'place_id': '997ef55e54797754'},2021-12-06 22:48:41+00:00,0,0,0,0
1264600079668785154,Check out ‚ÄúUNUSED‚Äù Uniqlo Hunter x Hunter Manga Limited Edition Black T-Shirt (Size M) üî• https://t.co/BiYyt7UOXa @eBay @eBay_UK #eBay #seller #tshirt #hunterxhunter #manga #anime #gift #christmas,,2021-12-06 22:35:52+00:00,3,0,6,0
2802736650,So good I had to share! Check out all the items I'm loving on @Poshmarkapp from @Iloveyoumorebo1 #poshmark #fashion #style #shopmycloset #balancecollection #uniqlo #zella: https://t.co/o1afFQLWl5 https://t.co/u2gLX7BvNz,,2021-12-06 22:32:22+00:00,0,0,0,0
1374488633634213897,So good I had to share! Check out all the items I'm loving on @Poshmarkapp #poshmark #fashion #style #shopmycloset #uniqlo #freepeople: https://t.co/JXLwoIjCYz https://t.co/soFfE6Zy8o,,2021-12-06 22:32:13+00:00,0,0,0,0
1028356298503532555,Finally made it to Uniqlo but without Cesar ü•∫,,2021-12-06 22:26:48+00:00,0,1,4,0
1397972148690604036,"@Noeluxembourg @Megane_DE_JP Yes, we have an Uniqlo store in Strasbourg. I'm new excited to go there ü§™. Maybe during my lunch break to avoid Xmas market's crowd",,2021-12-06 22:20:20+00:00,0,1,2,0
1424442658769055751,11)  Uniqlo. You can get great basics there,,2021-12-06 22:15:24+00:00,0,1,0,0
1263640599535562752,@LovesTheWords Indeed. I guess I would go with uniqlo for their heat tech and jackets,,2021-12-06 22:15:14+00:00,0,0,0,0
1191571456464867329,uniqlo mens section but in xs is all my nice clothes,,2021-12-06 22:11:19+00:00,0,0,0,0
16533234,@roslynmitchell @Spindle_Hound @MaxGreyhoond No Holman thermal vests + leggings: Damart Uniqlo- other thermal makes acceptable. üêé,,2021-12-06 22:11:05+00:00,0,1,2,0
1387147572616306693,@KyousouShiro @Megane_DE_JP Ahaha gif exaggerated üòÜ... you can find a Uniqlo store near your house ? I was shocked when Uniqlo in Metz was closed....üò≠,,2021-12-06 22:09:35+00:00,0,1,2,0
42198821,Uniqlo Man and the Drip God Disciples. Another pathetic loss for a team that will be in the dressing room in around 5 minutes time checking their Snap and TikTok messages.,,2021-12-06 21:53:38+00:00,12,1,43,0
139175465,@WMcHBg I literally bought my first thermal last week - Uniqlo. Such a good investment.,,2021-12-06 21:34:40+00:00,0,0,1,0
1397972148690604036,@Noeluxembourg @Megane_DE_JP Ahah I‚Äôm not alone with my size problems üò≠ I‚Äôll send pictures next time I go to Uniqlo https://t.co/8UeTl4M37F,,2021-12-06 21:32:04+00:00,0,2,1,0
1214053131362828288,So good I had to share! Check out all the items I'm loving on @Poshmarkapp #poshmark #fashion #style #shopmycloset #salvatoreferragamo #uniqlo #swedishhasbeens: https://t.co/gIrO5PjO5N https://t.co/iiRfDTPdju,,2021-12-06 21:31:41+00:00,0,0,0,0
1309486970591211520,@DonR6S @UbisoftSupport @Tabwire @TabwireSupport anche Uniqlo sta closet cheattando,,2021-12-06 21:31:23+00:00,0,0,0,0
2898757369,the urge to buy a super puff even though i have a puff jacket from uniqlo :):,,2021-12-06 21:27:42+00:00,0,1,1,0
107403954,"I have unintentionally wore the ""bershka uniqlo uniqlo"" combo for work today üò≠üò≠üò≠",,2021-12-06 21:14:50+00:00,0,0,1,0
1271210577520726020,jins is the uniqlo of glasses,,2021-12-06 21:08:37+00:00,0,0,0,0
915345263111401472,Check out this listing I just added to my #Poshmark closet: UNIQLO Dark green women wool-blend double-faces coat!. https://t.co/OQYAl5ZIkw #shopmycloset @poshmarkapp,,2021-12-06 21:04:27+00:00,0,0,0,0
96184837,@Erinacchu We are sorry to hear you are disappointed with our services. Please DM us your order number so we can better assist you. -UNIQLO USA,,2021-12-06 20:53:40+00:00,0,0,0,0
96184837,"@kennybokchoi Hi there, we will be sure to forward the new store location suggestion to the appropriate team for further review and considerations. You are welcome to visit our website to shop online, https://t.co/nvGMUvLAI7. -UNIQLO USA",,2021-12-06 20:50:49+00:00,0,0,0,0
96184837,"@ratnasagar Hi there, We are sorry to hear you are disappointed with our return process. Please DM us the order number if you placed an order with UNIQLO USA. -UNIQLO USA",,2021-12-06 20:42:11+00:00,0,1,0,0
96184837,@ottogrl We are sorry to hear you are disappointed with our return policy. Feel free to DM us your order number so we can further assist you. -UNIQLO USA,,2021-12-06 20:40:43+00:00,0,0,0,0
96184837,@FlipBlue2022 We are sorry to hear about your recent experience at the SOHO location. Please DM us the details of your visit so we can forward your feedback to the store management team. -UNIQLO USA,,2021-12-06 20:37:49+00:00,0,0,0,0
201566056,So good I had to share! Check out all the items I'm loving on @Poshmarkapp #poshmark #fashion #style #shopmycloset #columbia #sephora #uniqlo: https://t.co/GIuwim8urp https://t.co/mcppUtm9Kp,,2021-12-06 20:30:16+00:00,0,0,0,0
35986972,"@UniqloUSA I don't mind charging for return shipping as long as there is a free option, which there isn't. I buy $100 of items on uniqlo and return them all and I owe $7. If I could return in store for free it would be fine. Have to have a way to allow for free returns",,2021-12-06 20:29:12+00:00,0,0,0,0
1435331878832287750,So good I had to share! Check out all the items I'm loving on @Poshmarkapp #poshmark #fashion #style #shopmycloset #uniqlo #hautemonde #michaelmichaelkors: https://t.co/Ny2heBBZKr https://t.co/3WVXD9HcsR,,2021-12-06 20:29:09+00:00,0,0,0,0
1091756532,@Vinhilla_bean mustard uniqlo got me likeü§™,,2021-12-06 20:28:35+00:00,0,0,3,0
952902482341986304,Most of my shirts art from uniqlo...like 15 of em,,2021-12-06 20:25:57+00:00,1,0,0,0
96184837,"@chasethausen We are sorry to hear you are disappointed with our return policy. We welcome your feedback, as it provides us an opportunity to enhance our service and policies. We will be sure to forward your suggestions to the appropriate team for further review and consideration. -UNIQLO USA",,2021-12-06 20:22:47+00:00,0,1,0,0
1366559335627841537,Ugh I love uniqlo,,2021-12-06 20:19:50+00:00,0,1,3,0
1431572555811414018,"@Noeluxembourg I feel you are very suitable the wearüëç

The EU size of UNIQLO has been noticed me that my arm and leg are shorter than common EU guys. Even though I wear one rank down sizeüò´",,2021-12-06 20:19:42+00:00,0,1,2,0
1187267356218798080,@mn_1013 @UNIQLO_JP You are very pretty üòçüòçüòç,,2021-12-06 20:11:53+00:00,0,0,1,0
1319352184392372226,@snorkreloaded That‚Äôs  new uniqlo,,2021-12-06 20:08:55+00:00,0,0,1,0
29074075,"Example: both Progressive &amp; Uniqlo appear to be benefitting from the PR update and also see similar visibility patterns w/ recent updates.

If you look at keywords with improved rankings, you'll often see that they gained the ranking previously held by a Product Review site. https://t.co/gQPdJlJBSN",,2021-12-06 20:05:25+00:00,1,0,10,0
1116677300790157312,Uniqlo thermals are life changing sorrrrry I‚Äôm not freezing in my scrubs anymore!!!!,,2021-12-06 19:59:50+00:00,0,4,14,1
96184837,"Tune in live to https://t.co/9vrxPEopwT Friday at 3PM ET as fashion expert Aya Kanai shares our 2021 Holiday Gift Guide! Find all the warmest gifts for everyone you call family including HEATTECH, Ultra Light Down, 100% cashmere, and more. 
#UniqloLiveStation #LifeWear https://t.co/InfcTR5hMZ",,2021-12-06 19:51:16+00:00,0,0,5,0
2196123506,"@UniqloIn No one should buy apparel fm Uniqlo stores, worst if u want to gift it 2 someone then you will be forced to provide pmt receipt of purchase in case sizes need to be changed despite having all the tags on the apparel, 4exchange asked 2 visit store fm where it was bought. https://t.co/e4jNEBSjpe",,2021-12-06 19:50:12+00:00,0,0,0,0
295984924,@simplybeverly28 I always just go super big at uniqlo bc their sizing is unpredictable lmao,,2021-12-06 19:48:19+00:00,0,0,1,0
1218067203871977472,my dad owns a Fortnite shirt and just wears it around the house but he told us he has no idea what Fortnite is he just got it because it was on sale for $2 at Uniqlo,,2021-12-06 19:39:40+00:00,16,4,602,0
3235535811,So good I had to share! Check out all the items I'm loving on @Poshmarkapp #poshmark #fashion #style #shopmycloset #uniqlo #ivankatrump #thenorthface: https://t.co/kA7oc7U3u0 https://t.co/gVQKeXy15e,,2021-12-06 19:30:52+00:00,0,0,0,0
16533234,@Spindle_Hound Is your human any good at sewing? I recommend she learns and then converts old damart or Uniqlo into made to measure pyjamas.ü™°üßµ,,2021-12-06 19:30:14+00:00,0,1,2,0
463100141,"@UNIQLO_UK hi, I ordered the beautiful lambswool cable knit and some other items. I couldn‚Äôt pick up my order within 7 days (self isolating) - when I went in day 9 it had been returned. And now it‚Äôs sold out! Not even on the site - can I get my order re-sent? ü§ûüèªü§ûüèªü§ûüèª",,2021-12-06 19:30:10+00:00,0,0,0,0
22725452,Bought 2 shirts from Uniqlo hopefully they fucking fit,{'place_id': '512a8a4a4c4b4be0'},2021-12-06 19:08:13+00:00,0,1,3,0
225847091,@liamhedley @UNIQLO_UK I was genuinely surprised when I was in Edinburgh that they didn‚Äôt have one,,2021-12-06 19:03:51+00:00,0,1,0,0
328361707,"I have some Uniqlo clothing that I don't wear anymore. Do any friends want them? Fits size Small-Medium. I've got a raincoat, some monster hunter shirts, and hokusai stuff including some of their basic hoodies and sweatshirts. Just pay for shipping and they're yours.",,2021-12-06 19:00:24+00:00,0,4,4,0
24262945,@liamhedley @UNIQLO_UK Oh honestly! I was in love in the Manchester store they have so much good stuff!,,2021-12-06 18:59:01+00:00,0,1,2,0
15800716,Uniqlo Heattech Jackpot! https://t.co/hE9Wj3g8Tn https://t.co/rTRQwFOMxu,,2021-12-06 18:42:24+00:00,0,0,0,0
1385173825,Check out this listing I just added to my #Poshmark closet: Kaws X Sesame Street Uniqlo. https://t.co/aROtBzJzjk #shopmycloset @poshmarkapp,,2021-12-06 18:40:47+00:00,0,0,0,0
1385173825,Check out this listing I just added to my #Poshmark closet: Kaws X Sesame Street Uniqlo. https://t.co/c4FQ1FaU6X #shopmycloset @poshmarkapp,,2021-12-06 18:37:38+00:00,0,0,0,0
950020019211051008,@lilcosmicowgirl Okay yes will check uniqlo out AND YA SLIPPERS and again THANKS SM i made a list of everything u said ur literally the besttt only üíÉüèæüíÉüèæ,,2021-12-06 18:36:52+00:00,0,1,1,0
813479426885357569,@hotstuff_bea Girl I just ordered a bunch of northface.I‚Äôm still in doubt I‚Äôm going to be warm enough. Especially cos I‚Äôve never been a puffer type person. I like my clean lines. Aritizia be looking hella light like Uniqlo. They‚Äôll be giving theory &amp; fancy ‚Äòheattech‚Äô. I‚Äôm ready to pull an A$AP https://t.co/LtXlAy5K35,,2021-12-06 18:35:08+00:00,0,1,0,0
806580678263508992,So good I had to share! Check out all the items I'm loving on @Poshmarkapp from @mart0015 #poshmark #fashion #style #shopmycloset #anneklein #uniqlo #oldnavy: https://t.co/yOzzMcH8E9 https://t.co/hDJpqM7kMh,,2021-12-06 18:28:45+00:00,0,0,0,0
112213130,@NickAtTheMill @UNIQLO_UK it‚Äôs magic !,,2021-12-06 18:24:44+00:00,0,0,0,0
112213130,"@Noynek @UNIQLO_UK üòÇüòÇ
but but imagine a world where it could scan everything in a trolley all at once.
These scientists* need to up their game 

*and engineers üòâ",,2021-12-06 18:24:12+00:00,0,0,0,0
1419710625937301512,@LKmorgan_x Uniqlo Heattech will sort you out üëç,,2021-12-06 18:21:30+00:00,0,0,1,0
1133798082758397952,i really want one of those fuzzy jackets from uniqlo but üòµ‚Äçüí´ ... in this weather ? üôè ...in the philippines.... girl . üßç‚Äç‚ôÄÔ∏è,,2021-12-06 18:14:28+00:00,0,0,0,0
1330717426040922113,"üåü Gulf Content Update üåü
12.06.21

üìπFacebook: Uniqlo Thailand with @gulfkanawut 

Please like,  comment and share 
üîó https://t.co/B83ojFuFRe

GULF KANAWUT
#GulfKanawut
#PhiBalls
#‡∏•‡∏π‡∏Å‡∏ö‡∏≠‡∏•‡∏Ç‡∏≠‡∏á‡∏Ñ‡∏∏‡∏ì‡∏ö‡∏¥‡πä‡∏Å‡∏Å‡∏•‡∏±‡∏ü https://t.co/uGnMz7UKVR",,2021-12-06 18:00:03+00:00,18,0,27,0
1418517412069056517,"@ohmybeautybank YUKKK jajan sweater h&amp;m zara pull&amp;bear stradivarius bershka uniqlo hush puppies under 99k ajaaaüí∏ü§ç
shopee: https://t.co/5w8qDBBWid
instagram: https://t.co/Njrq75NZls https://t.co/2asQUEsFlh",,2021-12-06 17:56:09+00:00,0,0,0,0
1367146194917548033,uniqlo package just came in the mail yassss https://t.co/DVZT0PNkgk,,2021-12-06 17:55:04+00:00,0,0,0,0
1266046709316157442,"@piriipirifries I think uniqlo is v good for puffer and fleece things!! also, buy some warm sweatpants or fleece lined leggings and a thermal base layer. FOOTWEAR - get warm slippers for the dorm and boots if you want. But honestly, boots are just for fashion - sneakers work just fine.",,2021-12-06 17:53:57+00:00,0,2,1,0
1418517412069056517,"@jogjamf YUKKK jajan sweater h&amp;m zara pull&amp;bear stradivarius bershka uniqlo hush puppies under 99k ajaaaüí∏ü§ç
shopee: https://t.co/5w8qDBBWid
instagram: https://t.co/Njrq75NZls https://t.co/eajYgYDjGB",,2021-12-06 17:52:53+00:00,0,0,0,0
1418517412069056517,"@OOTDFESS sweater h&amp;m LD 120cm 90k only! ada zara pull&amp;bear stradivarius bershka uniqlo hush puppies under 99k ajaaaüí∏ü§ç
shopee: https://t.co/5w8qDBBWid
instagram: https://t.co/Njrq75NZls https://t.co/zGMNIt9Czf",,2021-12-06 17:50:31+00:00,0,0,0,0
24933826,"@jenny__watts Off the scale comfort levels. I had a pair last year which saved my ass when it snowed, grabbed another today in expectation of the same. 

Can also very much recommend the HeatTech jeggings currently in Uniqlo.",,2021-12-06 17:44:40+00:00,0,0,1,0
114874586,"@DisabledJourno I‚Äôm in London Christmas shopping unmasked as always , been in about 20 shops today only once asked if I had a mask (Uniqlo) I told the security guard I‚Äôm legally exempt and he said no problem . Loads of unmasked in the shops , great to see",,2021-12-06 17:39:53+00:00,0,1,4,0
3013840889,@michalapalmer I can‚Äôt help it you know this üò≠üò≠üò≠ it‚Äôs the uniqlo worker urge,,2021-12-06 17:37:13+00:00,0,1,1,0
1376392976222588929,need to get a uniqlo jacket now,,2021-12-06 17:34:12+00:00,1,0,1,0
911196096663359488,Award for the most unusable app and online purchasing experience goes to @UNIQLO_UK - utterly impossible to log in or reset passwords. I‚Äôm giving up and going elsewhere.,,2021-12-06 17:23:21+00:00,0,0,0,0
21512927,The cold is kicking my ass and it‚Äôs only december‚Ä¶this Uniqlo heattech better save my ass,,2021-12-06 17:19:15+00:00,0,1,6,0
324195442,"For this customized T-shirt, I brought my own T-shirt that I bought @Uniqlo_Canada. I also brought my own print that I sent them by email. The printing did cost me CAD$35 and the T-shirt already cost CAD$20 = CAD$55 in total. Pricey but I did like the print very much. https://t.co/WSXrEptXyb",,2021-12-06 17:18:00+00:00,0,0,0,0
37591882,@YRice25 https://t.co/bfy22fjoGw its these,,2021-12-06 17:16:57+00:00,0,1,1,0
876886463522242561,@PayPalUK are you aware that @UNIQLO_UK do not allow customers to exchange items and they do not allow returns in store only by post? Why is this not clear when you click to pay with PayPal?,,2021-12-06 17:10:06+00:00,0,1,0,0
876886463522242561,@UNIQLO_UK don't use #paypal to pay for #uniqlo orders. No exchanges whatsoever and no returns in store. Why don't they make that clear when you click to pay with PayPal? Bad time to be annoying your customers.,,2021-12-06 17:07:53+00:00,0,0,0,0
876886463522242561,"@UNIQLO_UK customers BEWARE! If you use PayPal as a method of payment on line to buy from #uniqlo, they will not accept exchanges at all and returns must be by post. I bought in black Friday and now they expect me to return and buy again at full price. üò°",,2021-12-06 17:05:35+00:00,0,0,0,0
872436001,@peachy_aries we get a lot of uniqlo at the store,,2021-12-06 17:04:39+00:00,0,2,3,0
72696858,I might have to buy a Uniqlo fleece in every color tbh,,2021-12-06 17:00:26+00:00,0,1,2,0
83029503,uniqlo heat tech &gt;,,2021-12-06 16:54:52+00:00,0,0,0,0
740376368,"@SqueakySays @UNIQLO_UK Had the same at decathlon in Calais, total witchcraft but brilliant",,2021-12-06 16:46:15+00:00,0,1,0,0
199124596,Check out this listing I just added to my #Poshmark closet: One Piece x Uniqlo t-shirt. https://t.co/5dY5yPN4py #shopmycloset @poshmarkapp,,2021-12-06 16:45:16+00:00,0,0,0,0
199124596,Check out this listing I just added to my #Poshmark closet: One Piece x Uniqlo UT Anime T-Shirt Collection. https://t.co/EJ8qeYV6Wv #shopmycloset @poshmarkapp,,2021-12-06 16:44:41+00:00,0,0,0,0
199124596,Check out this listing I just added to my #Poshmark closet: Gundam' x Uniqlo UT. https://t.co/tqXNWrIlhk #shopmycloset @poshmarkapp,,2021-12-06 16:42:26+00:00,0,0,0,0
3254448003,Bought a jacket from Uniqlo and this shit got me sweating!!!!,,2021-12-06 16:40:18+00:00,0,1,3,0
1004731929768312832,Not gonna throw my Uniqlo airism boxer. Comfiest boxer ever,,2021-12-06 16:29:45+00:00,0,0,0,0
1319093424809803776,@thoughtsonyaoi omg I got the inumaki uniqlo shirt as soon as I saw it HAHA,,2021-12-06 16:29:26+00:00,0,1,1,0
1072719950220013568,"Clothing store #Uniqlo checkout system implements radio frequency identification tags to checkout. Coolest thing I‚Äôve experienced in retail shopping, I dropped my two items in a bin and immediately it recognized what the items were. Checkout was less than 30 seconds. Just WOW.",,2021-12-06 16:19:34+00:00,0,0,1,0
727852339713986560,"I've been seriously impressed with how much cooler uniqlo has gotten in recent years. They used to make decent but boring basics. Now their basics are better cut, more stylish. Especially with these collaboration collections like +J. A uniqlo outfit can be cool now!",,2021-12-06 15:57:14+00:00,0,1,2,0
727852339713986560,"People ask me for fashion help and I don't want to tell them ""obsess over one designer for 10 years"".

Honestly if I was starting now I'd just get a bunch of uniqlo basics in black while I wait for designer stuff I like to show up in second-hand stores (or on Grailed etc). https://t.co/4I1727ObKm",,2021-12-06 15:57:13+00:00,0,1,6,0
447157305,Check out this listing I just added to my #Poshmark closet: Uniqlo Stretchy Skinny Pants Jeggings. https://t.co/EVbJGdxr1W #shopmycloset @poshmarkapp,,2021-12-06 15:54:11+00:00,0,0,0,0
1279030721999339520,but there's this mannequin in uniqlo na same height niya and I feel so small but n e ways wonwoo tiny babyü•∫ü•∫,,2021-12-06 15:43:49+00:00,0,0,0,0
928125849173237760,"What do you mean by ""fast fashion"" I've been using the same clothes from Uniqlo for the past 5 years",,2021-12-06 15:40:22+00:00,0,0,14,0
1334138870754000898,"@MOONBYULINTL welcome to uniqlo
MOONBYUL 6EQUENCE
#MOONBYUL #Î¨∏Î≥Ñ",,2021-12-06 15:33:10+00:00,0,0,0,0
1400800292157870080,"@MOONBYULINTL Uniqlo

MOONBYUL 6EQUENCE 
#MOONBYUL #Î¨∏Î≥Ñ",,2021-12-06 15:32:51+00:00,0,0,0,0
739144717821222912,uniqlo receipts are long ash for no reason https://t.co/8lZlE5WL2R,,2021-12-06 15:32:37+00:00,0,0,0,0
26330394,"@SqueakySays @UNIQLO_UK No. The items need the RFID tags. More expensive than Bircotes. More applicable to higher value items such as clothing. I think same tech that sets off the alarms in clothes shops when one tries to leave without paying.

See: https://t.co/KosI9wr8xG",,2021-12-06 15:24:39+00:00,0,1,1,0
1418517412069056517,"@OOTDFESS YUKKK jajan sweater h&amp;m zara pull&amp;bear stradivarius bershka uniqlo hush puppies under 99k ajaaaüí∏ü§ç
shopee: https://t.co/5w8qDBkTgd
instagram: https://t.co/Njrq75NZls https://t.co/Ov2QeeSqVA",,2021-12-06 15:11:50+00:00,0,0,0,0
181179807,God save Uniqlo ü•∂,,2021-12-06 15:07:27+00:00,0,0,0,0
1465293997853880327,Uniqlo Girls Blue Casual Pants 3 #eBay #Baby #Toddler #Clothing¬†#Bottoms https://t.co/yg7LDTRiT8,,2021-12-06 15:02:49+00:00,0,0,0,0
21628439,"Christmas Gift Ideas Under ¬£50

https://t.co/gdxYrGfnab

#giftguide #giftideas #xmasgifts #christmasgiftideas #christmas2021 #squidgame #stationery #skincare #top10 #under50 #navidad #loccitane #clinique #tedbaker #aveda #uniqlo #lancome https://t.co/KSoXHavVrR",,2021-12-06 15:01:18+00:00,0,0,0,0
1065238798978727936,Whenever I go to uniqlo https://t.co/0Dx6PjUt0s,,2021-12-06 14:57:27+00:00,0,0,1,0
112213130,@Noynek @UNIQLO_UK would it work with my trolley at Asda ü§î,,2021-12-06 14:56:36+00:00,0,1,0,0
112213130,"@Noynek @UNIQLO_UK but but HOW 
#magic",,2021-12-06 14:55:12+00:00,0,0,0,0
1136697863000514560,@ogleogleogleo In Uniqlo you just plonk your basket down and the till calculates the amount,,2021-12-06 14:52:16+00:00,0,0,0,0
982443170364514304,@ughtrishh_alt uniqlo or penshoppe or bench i think has clean/medj plain clothes,,2021-12-06 14:44:40+00:00,0,1,0,0
3178318268,Uniqlo Thailand https://t.co/3SW3Vjh4y2,,2021-12-06 14:44:28+00:00,0,0,0,0
282415954,"@lauren_chou @TheOtherMandela Wooo! And get a beanie, gloves, a real parka and everything in this line basically saved my life https://t.co/PRzEz03Fsd",,2021-12-06 14:33:37+00:00,0,1,2,0
8007552,Uniqlo owner Fast Retailing has pledged to source half of its materials from recycled sources by 2030 as part of a larger sustainability push that seeks to ‚Äúemphasize care for the environment in all processes.‚Äù https://t.co/WijS5MtJOj,,2021-12-06 14:31:38+00:00,1,0,5,0
1870602846,"@optimuws ‚†Ä

Darpa : 

uniqlo : let's be friends üôÜüèº‚Äç‚ôÄÔ∏è‚†Ä

‚†Ä",,2021-12-06 14:23:17+00:00,0,0,0,0
1224255569512423424,just got back from uniqlo https://t.co/w1xPS3fcGA,,2021-12-06 14:22:10+00:00,0,0,2,0
1870602846,"@defevd ‚†Ä

kak Nila : 

uniqlo : let's be friends üôÜüèº‚Äç‚ôÄÔ∏è
cartier : i rarely seen you ü§•‚†Ä

‚†Ä",,2021-12-06 14:19:33+00:00,1,0,0,0
1243604457046315009,To think I'd been wearing head to toe Uniqlo because shopping is complicated,,2021-12-06 14:07:58+00:00,0,1,0,0
1418517412069056517,"@sbyfess YUKKK jajan sweater h&amp;m zara pull&amp;bear stradivarius bershka uniqlo hush puppies under 99k ajaaaüí∏ü§ç
shopee: https://t.co/5w8qDBBWid
instagram: https://t.co/Njrq75NZls https://t.co/lF4NnFd7VB",,2021-12-06 13:59:26+00:00,0,0,0,0
943120597843881984,"Uniqlo ""UT"" collaborates with ""Jujutsu Kaisen"" for the first time! The first is a manga illustration  
On June 4, https://t.co/F0W0iXiv4Y",,2021-12-06 13:57:42+00:00,0,0,0,0
1418517412069056517,"@OOTDFESS YUKKK jajan sweater h&amp;m zara pull&amp;bear stradivarius bershka uniqlo hush puppies under 99k ajaaaüí∏ü§ç
shopee: https://t.co/5w8qDBBWid
instagram: https://t.co/Njrq75NZls https://t.co/Uf4aoxGjdQ",,2021-12-06 13:51:57+00:00,0,0,0,0
1418517412069056517,"@JUALAN_BASE YUKKK jajan sweater h&amp;m zara pull&amp;bear stradivarius bershka uniqlo hush puppies under 99k ajaaaüí∏ü§ç
shopee: https://t.co/5w8qDBBWid
instagram: https://t.co/Njrq75NZls https://t.co/jYuX6h4bFm",,2021-12-06 13:43:46+00:00,0,0,0,0
1418517412069056517,"@JUALAN_BASE YUKKK jajan sweater h&amp;m zara pull&amp;bear stradivarius bershka uniqlo hush puppies under 99k ajaaaüí∏ü§ç
shopee: https://t.co/5w8qDBBWid
instagram: https://t.co/Njrq75NZls https://t.co/kuUXgLxiZ4",,2021-12-06 13:43:30+00:00,0,0,0,0
888750176571019265,20 dollar Uniqlo tees till I make it,,2021-12-06 13:33:06+00:00,0,0,1,0
155001911,@anna_anna Uniqlo might have some options. I love their stuff,,2021-12-06 13:32:45+00:00,0,1,1,0
1444647336999735297,smh uniqlo https://t.co/5WxWUBifGJ,,2021-12-06 13:29:12+00:00,0,0,0,0
4582630052,"@UniqloThailand @Gulfkanawutofc love it ‚Ä¶thank you for having G üñ§ü§ç
@gulfkanawut #Gulfkanawut
#UniqloPlusJ #UNIQLO #LifeWear",,2021-12-06 13:13:25+00:00,0,0,0,0
79444678,Pokemon uniqlo shirts be derpy https://t.co/7sgXRkXKKD,,2021-12-06 13:05:31+00:00,0,0,7,0
26330394,@SqueakySays @UNIQLO_UK RFID darling.,,2021-12-06 13:00:50+00:00,0,2,2,0
242234546,@lemurlink @SqueakySays @UNIQLO_UK I need to go.,,2021-12-06 12:58:06+00:00,0,1,2,0
88031197,@WMcHBg üíØ % - My Uniqlo HeatTech is already being donned.,,2021-12-06 12:57:56+00:00,0,0,1,0
1149621014826893313,@beachboy_lee Hi Greetings from Uniqlo India! We regret the inonveniecne caused please DM us your order numberwe will be happy to assist you.,,2021-12-06 12:52:32+00:00,0,1,0,0
112213130,"just had my mind blown at 
@UNIQLO_UK 
Using self checkout, you put all the items in a little hollow &amp; it scans EVERYTHING all at the SAME TIME!
Instantly üò±
No faffing about scanning each bar code. 
how? HOW?",,2021-12-06 12:50:28+00:00,0,3,3,0
1433667144521191425,Local uniqlo got this? https://t.co/fg9nbsR5Hn,,2021-12-06 12:44:33+00:00,0,0,1,0
1028573098973360128,uniqlo blazers are such a scam theyre so thin and unsubstantial i cant believe it,,2021-12-06 12:39:15+00:00,0,0,0,0
523380216,Oomfs buying uniqlo heattech and puff jackets for their korea trip...,,2021-12-06 12:34:16+00:00,0,0,0,0
1366266847843160064,uniqlo x broken dreams,,2021-12-06 12:34:03+00:00,0,0,0,0
1352912315738251266,"ùô∏NSTAGRAM ùöÑùôøùô≥ùô∞ùöÉùô¥: 

[12.06.2021]

üíå¬†Uniqlo Thailand IG update with @gulfkanawut üíñ
üîó https://t.co/uPJvm4dcGM

#GulfKanawut¬† 
#PhiBalls 
#‡∏•‡∏π‡∏Å‡∏ö‡∏≠‡∏•‡∏Ç‡∏≠‡∏á‡∏Ñ‡∏∏‡∏ì‡∏ö‡∏¥‡πä‡∏Å‡∏Å‡∏•‡∏±‡∏ü https://t.co/DvC47K82Zt",,2021-12-06 12:34:00+00:00,9,0,13,1
803152837765054464,@cerseilannistr its soooo funny the wardrobe department didnt even try!!!! im literally looking at egwene's jumper like i SWEAR i've seen that in uniqlo,,2021-12-06 12:30:45+00:00,0,0,1,0
1284499576817254400,"i went to uniqlo today and instead of buying a gojou t-shirt like i was tempted to i bought a cinnamoroll t-shirt instead, which is basically almost the same thing to me bc of the sanrio ad campaign and infinitely less cringe",,2021-12-06 12:17:48+00:00,0,2,1,0
1071189425055502336,I‚Äôve slept on uniqlo for too long,,2021-12-06 12:07:08+00:00,0,1,4,0
1295656009470316545,"@3startoilet ITS FRON UNIQLO 
one is zenitsu, manga jjk people in the back of the shirt, demon slayer people",,2021-12-06 11:57:31+00:00,0,0,0,0
747921054736257024,"thank you @UniqloThailand for having Gulf, collection is awesome ‚ù§Ô∏èü§çüñ§

@gulfkanawut  #‡∏Å‡∏•‡∏±‡∏ü‡∏Ñ‡∏ì‡∏≤‡∏ß‡∏∏‡∏í‡∏¥ #GulfKanawut #‡∏•‡∏π‡∏Å‡∏ö‡∏≠‡∏•‡∏Ç‡∏≠‡∏á‡∏Ñ‡∏∏‡∏ì‡∏ö‡∏¥‡πä‡∏Å‡∏Å‡∏•‡∏±‡∏ü  #PhiBalls #UniqloPlusJ #UNIQLO #LifeWear https://t.co/p5gFTIBQWi",,2021-12-06 11:51:31+00:00,1,0,0,0
1023921864333131777,@nrlaizaaziz hat penting ada ‚Äúwelcome to uniqlo‚Äù üòÇ,,2021-12-06 11:50:55+00:00,0,0,0,0
747921054736257024,"@UniqloThailand love it ‚Ä¶thank you for having G üñ§ü§ç
@gulfkanawut #Gulfkanawut
#UniqloPlusJ #UNIQLO #LifeWear",,2021-12-06 11:50:31+00:00,2,0,2,0
1317573559674425345,"@UniqloThailand Wonderful collection. Thanks UNIGQLO for featuring Gulfü•∞ 
@gulfkanawut  #GulfKanawut  #‡∏Å‡∏•‡∏±‡∏ü‡∏Ñ‡∏ì‡∏≤‡∏ß‡∏∏‡∏í‡∏¥ 
#‡∏•‡∏π‡∏Å‡∏ö‡∏≠‡∏•‡∏Ç‡∏≠‡∏á‡∏Ñ‡∏∏‡∏ì‡∏ö‡∏¥‡πä‡∏Å‡∏Å‡∏•‡∏±‡∏ü #Phiballs #UniqloPlusJ
#UNIQLO",,2021-12-06 11:47:28+00:00,1,0,0,0
77523191,Hello. The agenda for tonight is buy more uniqlo clothing. üëåüèª,,2021-12-06 11:36:34+00:00,0,0,0,0
2875337515,fr i had to buy uniqlo's sweatpants off the men's section https://t.co/nkoMND6i9O,,2021-12-06 11:35:24+00:00,0,0,0,0
1200828547,uniqlo c'est mon safe space,,2021-12-06 11:22:26+00:00,0,0,2,0
64349495,@BotXVersa Love Uniqlo for their sale items. Especially their socks and undies.,,2021-12-06 11:21:25+00:00,0,0,0,0
16604265,@sumimousen Layering experiments talaga. I would wear the HT tank top and a long sleeved something on top. And uniqlo always has some new tech noh? Get ready for Feb! üò≥ How short do the days get?,,2021-12-06 11:10:33+00:00,0,1,0,0
839477820279513089,"@JKDBautista @Taylewr13 @nachobabe_xx h&amp;m, uniqlo, i miss u 2",,2021-12-06 11:02:19+00:00,0,0,2,0
1278600156296777729,tried uniqlo purchases!!!! they are all ew to more than okay (but none are perfect ;_;) anyway i can't decide whether to get the my-size skirt that looks baggy and hangs loose or 1-size-down that hangs beautifully but is a bit tight when i sit...,,2021-12-06 10:59:16+00:00,0,1,2,0
1452607954088304643,i loooove Uniqlo x jjk t-shirts ‚Ä¶ i WANNA GET Uniqlo x csm when it‚Äôs out üò©üò©üò©üò©,,2021-12-06 10:55:15+00:00,0,0,0,0
51630918,The goal is to lose enough weight to be able to wear those anime collab shirts from uniqlo. Cuz their sizes just don't look flattering on me right now.,,2021-12-06 10:48:39+00:00,0,0,0,0
838717357363081218,uniqlo plain t-shirts &gt;&gt;,,2021-12-06 10:35:50+00:00,0,0,1,0
1260926113397817346,"@UniqloThailand @helianthussolis #GulfKanawut ‚ô•Ô∏èü¶Ñü¶Ñ‚ô•Ô∏è‚òÄÔ∏èüåªüëëüëëüîÆüîÆüß©üß©1 of the kings MG

#UniqloPlusJ #UNIQLO #LifeWear https://t.co/wj8ulWyBaV",,2021-12-06 10:06:42+00:00,0,0,0,0
1288457735030226944,@Hollowfun1 I kinda want a uniqlo x jojo collab so that it'll be affordable for my filipino ass,,2021-12-06 10:04:38+00:00,0,1,1,0
4501432163,An instinct for basics: Uniqlo UK boss‚Äôs retail¬†odyssey https://t.co/FR3PAZoUwr,,2021-12-06 10:00:48+00:00,0,0,0,0
21628439,"Christmas Gift Ideas Under ¬£50

https://t.co/gdxYrGfnab

#giftguide #giftideas #xmasgifts #christmasgiftideas #christmas2021 #squidgame #stationery #skincare #top10 #under50 #navidad #loccitane #clinique #tedbaker #aveda #uniqlo #lancome https://t.co/vhnYjHYZQv",,2021-12-06 10:00:42+00:00,0,0,0,0
1292068119574241282,"""Hi, welcome to uniqlo"" https://t.co/GAQOdwT04s",,2021-12-06 09:58:50+00:00,0,0,0,0
90697296,uniqlo heat tech has all the solutions to my winter needs this year.,,2021-12-06 09:42:48+00:00,0,3,10,1
1159985210475237377,Forever21 xx Uniqlo https://t.co/ybLBswYTre,,2021-12-06 09:36:54+00:00,0,1,6,0
3189539293,"Finished work early today, so decided to go out and try out the Uniqlo U heattech shirts after seeing them online and on sale until the 9th. https://t.co/jZsSGFVUgx",,2021-12-06 09:25:55+00:00,0,1,5,0
47247016,The uniqlo flask is small and cute.,,2021-12-06 09:12:56+00:00,0,0,0,0
3177709619,gonna have to go to uniqlo for christmas like no way my size is sold out in stores too,,2021-12-06 09:11:12+00:00,0,0,0,0
1041729881887985664,constantly humbled by the fact that i gotta wear size small masks from uniqlo bc i‚Äôve got a mf pin head,,2021-12-06 09:05:51+00:00,0,0,12,0
240956249,"Head out for errands or lounge at home in these comfortable #LifeWear essentials you‚Äôll love to wear!

See the full lineup online:
https://t.co/cvWfi97VMP

Shop the essentials now at Uniqlo Ayala Malls-Harbor Point! https://t.co/PJOKmIp5pO",,2021-12-06 09:00:03+00:00,0,0,0,0
1274004327808372736,"6/ Where's the gap here? Cheaper wearables for your metaverse avatar. Think Bata, Uniqlo, Zara. Mass produced for the masses.",,2021-12-06 08:54:43+00:00,0,1,0,0
3857130614,like I've been wearing blouses like an acTUaL adULt because ive been avoiding h&amp;m uniqlo or cotton on because they wouldnt have my size u think i dont WANT to dress like you guys do????,,2021-12-06 08:42:55+00:00,0,0,0,0
1271629695134523393,@shiraisagi YESS I have the other one of that haha üòÇ bekenemen @/uniqlo,,2021-12-06 08:37:53+00:00,0,1,1,0
1204942177102524417,I FOUND HIDDEN KDA MERCH LEFT IN UNIQLO AND IT WAS ON SALE FOR ONLY 390 PHP WHATTA STEAL,,2021-12-06 08:36:45+00:00,0,0,3,0
727852339713986560,Just a heads up that Uniqlo +J has some really great coats out now and they sell out fast https://t.co/LAE1s5RCfO,,2021-12-06 08:36:26+00:00,0,1,3,1
910138532840140805,@PANDES0UL god the two of you are so cute also you hoarding uniqlo tease,,2021-12-06 08:32:17+00:00,0,1,0,0
1303353090,This Lepakone Corner cosplaying as a teeny bopper on Twitter actually he in real life not cool one he wear uniqlo t shirt and he doesn‚Äôt know what bussin means,,2021-12-06 08:19:05+00:00,0,0,0,0
702761018,"4 days to go ‚Äòtill the 12.12 Sale!

Tick all the boxes on your #LifeWear shopping list with limited offers available in-store and online from December 10-12!

Learn more here:
https://t.co/1ecGJ9IqDj

Find Gifts for All here at #UniqloPH. https://t.co/js40XtZE7K",,2021-12-06 08:00:00+00:00,0,0,12,0
1257127513563643909,Uniqlo makes dressing up affordable and possible for young professionals,,2021-12-06 07:45:44+00:00,0,0,1,0
982107356774391808,UNIQLO WTF,,2021-12-06 07:38:04+00:00,0,0,1,0
1418517412069056517,"@OOTDFESS YUKKK jajan hoodie sweater h&amp;m zara pull&amp;bear stradivarius bershka uniqlo hush puppies under 99k ajaaaüí∏ü§ç
shopee: https://t.co/5w8qDBBWid
instagram: https://t.co/Njrq75NZls https://t.co/pn3X8u4Fgq",,2021-12-06 07:27:36+00:00,0,0,0,0
1248207620147576832,"Gunpla x UNIQLO collaboration T-shirts released!Original Gunpla for purchase bonus!
https://t.co/N5G6cwySMT",,2021-12-06 07:27:13+00:00,0,0,0,0
1418517412069056517,"@JUALAN_BASE YUKKK jajan sweater h&amp;m zara pull&amp;bear stradivarius bershka uniqlo hush puppies under 99k ajaaaüí∏ü§ç
shopee: https://t.co/5w8qDBBWid
instagram: https://t.co/Njrq75NZls https://t.co/z2ZjdsCE7m",,2021-12-06 07:26:00+00:00,0,0,0,0
1418517412069056517,"@busifess YUKKK jajan sweater h&amp;m zara pull&amp;bear stradivarius bershka uniqlo hush puppies under 99k ajaaaüí∏ü§ç
shopee: https://t.co/5w8qDBBWid
instagram: https://t.co/Njrq75NZls https://t.co/iZbGtXjIEa",,2021-12-06 07:25:37+00:00,0,0,0,0
1418517412069056517,"@banjarbase YUKKK jajan sweater h&amp;m zara pull&amp;bear stradivarius bershka uniqlo hush puppies under 99k ajaaaüí∏ü§ç
shopee: https://t.co/5w8qDBBWid
instagram: https://t.co/Njrq75NZls https://t.co/dbzHQCybDE",,2021-12-06 07:24:55+00:00,0,0,0,0
1418517412069056517,"@JUALAN_BASE YUKKK jajan sweater h&amp;m zara pull&amp;bear stradivarius bershka uniqlo hush puppies under 99k ajaaaüí∏ü§ç
shopee: https://t.co/5w8qDBBWid
instagram: https://t.co/Njrq75NZls https://t.co/j8TaY1RkXX",,2021-12-06 07:24:09+00:00,0,0,0,0
1418517412069056517,"@OOTDFESS YUKKK jajan sweater h&amp;m zara pull&amp;bear stradivarius bershka uniqlo hush puppies under 99k ajaaaüí∏ü§ç
shopee: https://t.co/5w8qDBBWid
instagram: https://t.co/Njrq75NZls https://t.co/fU8Wrir54i",,2021-12-06 07:23:42+00:00,0,0,0,0
705094488,"This latest collaboration with the internationally renowned, award-winning London-based brand brings an urban touch to serene country weekend living.
#NewsUpdate #textilevaluechain
https://t.co/R0kK9YECL4",,2021-12-06 07:23:01+00:00,0,0,0,0
728128504034828288,be worn in our daily life everyday ‚ú®‚ú® Sport Utility Wear products are available today at all UNIQLO stores and online stores! Can update new items at FB and IG @.UniqloThailand,,2021-12-06 07:16:51+00:00,1,0,0,0
1418517412069056517,"@OOTDFESS YUKKK jajan sweater h&amp;m zara pull&amp;bear stradivarius bershka uniqlo hush puppies under 99k ajaaaüí∏ü§ç
shopee: https://t.co/5w8qDBBWid
instagram: https://t.co/Njrq75NZls https://t.co/wo15KbSzEL",,2021-12-06 07:01:07+00:00,0,0,0,0
1418517412069056517,"@OOTDFESS YUKKK jajan sweater h&amp;m zara pull&amp;bear stradivarius bershka uniqlo hush puppies under 99k ajaaaüí∏ü§ç
shopee: https://t.co/5w8qDBklqF
instagram: https://t.co/Njrq75NZls https://t.co/rkH0yj9qov",,2021-12-06 07:00:13+00:00,0,0,0,0
1426953544242929671,"FB - Uniqlo Thailand 

Like comment and share please ‚ù§Ô∏è
üñá https://t.co/HSmMbbBbMz

#GulfKanawut @gulfkanawut https://t.co/hvKdU4i8bv",,2021-12-06 06:31:32+00:00,46,0,25,0
702761018,"UNIQLO x JW ANDERSON FALL / WINTER 2021: A VISIT TO THE COUNTRY.

Available online &amp; UNIQLO Manila Global Flagship Store (Glorietta 5) on Dec 10, 2021.

Learn more:
https://t.co/G75x7Wmw6b

Get the App:
https://t.co/6WKNM5OvRq

#UniqloPH #LifeWear #UniqloJWAnderson 
@JW_ANDERSON https://t.co/4W5RRkkIvF",,2021-12-06 06:27:01+00:00,0,0,14,0
1149621014826893313,"@YenthenL Greetings from Uniqlo. We apologize for the inconvenience , we would request you to please DM us your order details",,2021-12-06 06:16:03+00:00,0,0,0,0
1149621014826893313,"@janvi_mathur97 Greetings from Uniqlo. We apologize for the inconvenience , we will request you to please DM us your order details",,2021-12-06 06:14:04+00:00,0,0,0,0
1149621014826893313,"@PRAVATKSETHY Greetings from Uniqlo. We apologize for the inconvenience. Item inventory varies from country to country , however we will be sharing your feedback with our management regarding this",,2021-12-06 06:11:46+00:00,0,1,0,0
1149621014826893313,"@ratnasagar @UniqloUSA @UNIQLO_JP Greetings from Uniqlo. We apologize for the inconvenience , we have replied to your DM",,2021-12-06 06:10:00+00:00,0,0,0,0
1359369230467039232,Yu-Gi-Oh √ó Uniqlo collaboration T-shirt set of 2 M size black white https://t.co/YUOxYtfmbN eBay https://t.co/qiKPFX0YVy,,2021-12-06 06:09:33+00:00,0,0,0,0
42534269,"Aaaaaaaaaaa!!!! üòÜüòÜüòÜüòÜüòÜ

Well the stock isn't that much at Uniqlo PIM 3.. 
Also, they only have Nise pouch.. 

#ÊòüÈáéÊ∫ê
#GenHoshino https://t.co/Ly6oPLKwEK",,2021-12-06 05:58:42+00:00,11,6,157,3
161125226,First time ever witnessing someone not wearing a mask &amp; arguing with a worker like a typical Karen. These workers just trying to get through the holiday retail season &amp; she‚Äôs giving them a hard time about showing proof in writing that it‚Äôs mandated (this is in Uniqlo btw).,,2021-12-06 05:54:29+00:00,0,0,1,1
1382456550732668930,Uniqlo + J Hybrid Down Coat Navy S https://t.co/RH6NFjt034 eBay https://t.co/ib5yzcTtl9,,2021-12-06 05:40:34+00:00,0,0,0,0
1434642181478707202,Uniqlo + J Hybrid Down Coat Navy S https://t.co/63xUE3jXlI eBay https://t.co/VAsM2wNoTb,,2021-12-06 05:40:34+00:00,0,0,0,0
16680983,"Santa Claus üéÖ in ChristmasüéÑ

https://t.co/7kv04iPOKL

#UNIQLO #HolidaySeason #Christmas2021",,2021-12-06 05:36:04+00:00,0,0,0,0
1278600156296777729,"me: i cant open my uniqlo parcel as i have to do work

also me: *does everything except for work and open parcel*",,2021-12-06 05:36:00+00:00,0,0,5,0
1364757390,cepat betul sold out rugger shirt uniqlo ni ü•≤,,2021-12-06 05:33:48+00:00,0,0,0,0
127136882,I want Uniqlo jacket,,2021-12-06 05:25:00+00:00,0,1,0,0
1405577596503400452,@convomfs website uniqlo,,2021-12-06 05:23:50+00:00,0,0,0,0
1434330752225665024,@convomfs website uniqlo,,2021-12-06 05:23:33+00:00,0,0,0,0
1203987187458379777,@convomfs lewat website uniqlo,,2021-12-06 05:21:50+00:00,0,0,0,0
1261274774472359936,i went to uniqlo yesterday with my friends and the only thing that's going in my head during the whole time i was‚Ä¶ ‚Äî LMFAOO??? the STRUGGLE of an inukaggerüò≠ i felt this cause it's happened way too many times https://t.co/tTDrCOZOUa,,2021-12-06 05:07:56+00:00,0,0,1,0
1555587570,@hino_green UNIQLO! At men‚Äôs section I think!,,2021-12-06 04:57:08+00:00,0,0,1,0
1435518069498015745,"@pebblebrain_mp3 jayjays, cotton on, uniqlo, idk man I haven't gone shopping in agess",,2021-12-06 04:53:54+00:00,0,0,1,0
1610547650,im going to print my gf on a uniqlo shirt when i get one,,2021-12-06 04:44:30+00:00,1,0,3,0
2378021168,at least i got a birthday month coupon from uniqlo i guess https://t.co/4xIoFZBUv8,,2021-12-06 04:40:20+00:00,0,0,1,0
1014307106,Going to Uniqlo tmrw as self care,,2021-12-06 04:36:46+00:00,0,0,0,0
736277947,The Uniqlo heated blanket‚Ä¶ https://t.co/lNgUSZyC9X,,2021-12-06 04:35:46+00:00,0,0,0,0
27067466,Me still wanting to head the graphic tshirt line of uniqlo lol https://t.co/9mlxmDntGu,,2021-12-06 04:34:45+00:00,0,0,7,0
3000729680,"üì£ Time for 12.12 Flash Sale Cheatsheet!!ü§©ü§©
Set your alarm based on the scheduled time posted on our ig: @shopbackmy and enjoy greater upsized cashback from many stores. 
üéüüí∞ Nike, Lululemon, Adidas, Uniqlo, Lazada, Oxwhite, Under Armour, Oxwhite, Laneige and many more https://t.co/uiLkicMgDm",,2021-12-06 04:30:49+00:00,1,0,1,0
1182252397,The mba-mba uniqlo at the checkout be folding them shirts in 2 seconds,,2021-12-06 04:28:57+00:00,0,0,0,0
1061840433695739904,"#UNIQLO #„É¶„Éã„ÇØ„É≠: The #UNIQLO lineu ...
 
https://t.co/4HhjfjYt0T
 
#CiaoNihon #Japan #Lifestyle #UNIQLO„É¶„Éã„ÇØ„É≠ #„É¶„Éã„ÇØ„É≠ #„É©„Ç§„Éï„Çπ„Çø„Ç§„É´ #ÁîüÊ¥ªÊßòÂºè #Blue #Gr https://t.co/q5cHYgrbMp",,2021-12-06 04:24:07+00:00,0,0,0,0
935547461535375361,"Wearing ares out for the first time ü§©üî•üíïüëèüèª

That feeling = awesome üòé 
Also I‚Äôm glad I chose uniqlo‚Äôs shirt. Comfiest",,2021-12-06 04:23:30+00:00,0,1,12,0
1172597630058278912,Best Cyber ‚Äã‚ÄãMonday fashion deals 2021: Uniqlo to¬†Farfetch https://t.co/T8paxXXiVQ,,2021-12-06 04:14:44+00:00,0,0,0,0
1398687202507472904,Best Cyber ‚Äã‚ÄãMonday fashion deals 2021: Uniqlo to¬†Farfetch https://t.co/PyHcSGSeOd,,2021-12-06 04:14:43+00:00,0,0,0,0
299503578,"@peterchayward in the absence of experienced recommenders, Uniqlo is very reliable for this sort of thing. I pretty much live in their heattech thermals through winter. (Japanese company, its thing is ""we do basics well"")",,2021-12-06 04:14:10+00:00,0,1,0,0
1070035659371364352,they got me lookin goooood if y‚Äôall looking for something to do some physical activity in i recommend the ones from uniqlo,,2021-12-06 04:13:58+00:00,0,0,0,0
460721126,also oshawa centre mall was incredibly white which was great bc that meant the uniqlo was a lot emptier than it is downtown or at markville mall,,2021-12-06 03:59:42+00:00,0,0,8,0
155046640,"Good things take a time‚Ä¶

#Stylelife #Enjoy #JustLive #Sergio #Travel #SinFiltros #NoFilters #Trip #Photography #Vaccinate #FifthAvenueNYC #Dios #NuevaYork #NewYork  #Manhattan #BigApple #GranManzana #Uniqlo #Time #Happy #Bitcoin #Covid #Fe #Salud #Subway #TravelMoreWorryLess üòé https://t.co/72WHK2ryeW",,2021-12-06 03:52:20+00:00,1,1,4,0
48258997,"Grow With Us ‚Äì UNIQLO Manager Candidate (UMC)

The UMC application will be closing in 3 days. Hurry, grab your chance or share a reminder to your friends and family to apply with UNIQLO Malaysia https://t.co/m77Fg5WJef https://t.co/fDB9bXInT0",,2021-12-06 03:42:41+00:00,2,1,3,0
239925012,Anyone try the Uniqlo unisex sizing before? How do they run ?,,2021-12-06 03:34:40+00:00,0,0,0,0
702761018,"Give your closet an upgrade this season with UNIQLO‚Äôs latest #LifeWear pieces!

Shop these new arrivals for a comfortable &amp; stylish feel everyday. Get yours now!

Visit the website to know more:
https://t.co/dRv9YsKF5y

Download the UNIQLO App:
https://t.co/JLi4V8Xknn

#UniqloPH https://t.co/ldvAEPMjfC",,2021-12-06 03:29:18+00:00,0,0,8,0
1349739090925666304,SHOUKD I GET A DEMON SLAYER SHIRT FROM UNIQLO,,2021-12-06 03:14:04+00:00,0,0,0,1
1337150967020744707,@Noahpinion @AaronHoward1913 Uniqlo is amazing,,2021-12-06 03:13:13+00:00,0,0,1,0
16262969,@danitasteinberg i get the 3 layer black ones at the korean market. reusable/washable one i like ia from uniqlo,,2021-12-06 03:09:15+00:00,0,1,1,0
236558026,"Today's ice watch is black army¬†of steel and black of dune. And today's uniqlo coordinate.
#icewatch #„Ç¢„Ç§„Çπ„Ç¶„Ç©„ÉÉ„ÉÅ #blackarmy #black #„Éñ„É©„ÉÉ„ÇØ„Ç¢„Éº„Éü„Éº #„Éñ„É©„ÉÉ„ÇØ #Uniqlo #uniqlo„Ç≥„Éº„Éá #„É¶„Éã„ÇØ„É≠ #„É¶„Éã„ÇØ„É≠„Ç≥„Éº„Éá https://t.co/E56CkpJInX",,2021-12-06 03:02:20+00:00,0,0,0,0
85560306,"Is it just me or hindi talaga ako fan ng Uniqlo AIRism beddings? I think it‚Äôs just me. ‚òπÔ∏è
Anyway, I‚Äôm giving away my sheets and pillow cases. I‚Äôve used it once lang.",,2021-12-06 03:01:53+00:00,0,0,1,0
175770239,"@UniqloIn Taking so long and what's the current status. If you people are trying to play games, then it won't be very nice for uniqlo and for delhivery as I'm gearing up for registering a complaint on jago grahak jago consumer court public grievance org by the govt if India and they will",,2021-12-06 03:01:35+00:00,0,1,0,0
795467645722062852,@OnlyAdree uniqlo LMFAOO,,2021-12-06 02:56:21+00:00,0,0,1,0
101379836,I spent an absurd amount of money at Uniqlo and I'm not upset about it,,2021-12-06 02:54:07+00:00,0,0,1,0
42534269,"Yesssss!!!!
Uniqlo PIM, I'll be there ASAP üöóüí®",,2021-12-06 02:47:27+00:00,0,2,2,0
818303736,The Uniqlo airism mask is perfect for the aforementioned https://t.co/7UGapfp5tH,,2021-12-06 02:40:56+00:00,0,0,0,0
1376361653717979136,Uniqlo  mowdel yarrnnn?? ü§£üíñüíñüíñüíñ Wabyuuuuu https://t.co/2ndplX4XYF,,2021-12-06 02:27:38+00:00,0,0,0,0
92294636,Lifehax: Uniqlo app is useful to identify which wardrobe has been missing from the laundry.,,2021-12-06 02:24:59+00:00,1,0,0,0
1212331141178355717,uniqlo sizing chart ‚ù§Ô∏è‚Äçüî•,,2021-12-06 02:15:05+00:00,0,0,1,0
702761018,"Now available: UT featuring iconic works by three of the greatest artists in art history!
 
Shop your favorite designs online or in UNIQLO stores near you:
https://t.co/MGtMOS18ib
 
Download the UNIQLO App:
https://t.co/3IsRYy2Dne

#UniqloPH #LifeWear #UniqloUT #WearYourWorld https://t.co/rYKRt8bvne",,2021-12-06 02:00:00+00:00,0,0,13,0
1100119155179696128,"@thegirlinlust gap, uniqlo, everlane, ll bean have good cotton turtlenecks!",,2021-12-06 01:58:18+00:00,0,0,1,0
307110754,@paxx_americana Either Uniqlo or target,{'place_id': '300bcc6e23a88361'},2021-12-06 01:50:55+00:00,0,0,1,0
1271106554994065408,"trying to outgrow my bad habits‚Äînot finishing a book, impulse shop every time uniqlo goes on sale, more than 6+ hours of screen time, and lastly, crushing on every man with a specific hair length + specific beanie fold (u know what im talking about‚Ä¶‚Ä¶‚Ä¶)",,2021-12-06 01:33:30+00:00,0,1,9,0
4787461157,I shopped at Uniqlo yesterday and I feel pretty happy. New sweaters and a soft jacket ‚ú® friends drank a bit but it was funny to watch,,2021-12-06 01:31:51+00:00,0,0,1,0
115067027,Check out this listing I just added to my #Poshmark closet: Uniqlo Girls üíõYellowüíõ Gathered Sleeveless Dress. https://t.co/z2ILM1HJhU #shopmycloset @poshmarkapp,,2021-12-06 01:31:10+00:00,0,0,0,0
1088685343274979328,@angels4wilbur @pebblebrain_mp3 vouch for uniqlo it slaps,,2021-12-06 01:25:21+00:00,0,1,1,0
2715250489,naurrrr why did this worker at uniqlo just tell us the womens section is on the other side just bc we were looking at mens jackets?!? üò≠,,2021-12-06 01:22:41+00:00,0,0,1,1
759412674295767040,uniqlo not having long sleeve heattech bra tops anymore is my personal 9/11,,2021-12-06 01:11:43+00:00,0,0,8,0
331261619,Yo this lady has been arguing with 2 people at Uniqlo already. What the fuck,{'place_id': '7d62cffe6f98f349'},2021-12-06 01:00:02+00:00,0,0,0,0
702761018,"Keith Haring‚Äôs first exhibition artworks are now available in UT!

Shop the your favorite designs online &amp; in UNIQLO Stores now:
https://t.co/AhCokHtybS

Download the UNIQLO App for a seamless experience:
https://t.co/8LyxU6ornO

#UniqloPH #LifeWear #UniqloUT #WearYourWorld https://t.co/D6Wk62Mjvy",,2021-12-06 01:00:01+00:00,0,0,17,0
3921034692,@thicceagle2 Dahil dun I don't mind getting boxer briefs for Christmas from relatives/friends basta Uniqlo hahahaha,,2021-12-06 00:58:34+00:00,0,0,0,0
1457543351083966467,"No cap, Uniqlo is in sytle right now. Sorry.",,2021-12-06 00:58:12+00:00,0,0,0,0
1650998762,new fav investments are this sweater and flannel from uniqlo https://t.co/HcGLN9CQGQ,,2021-12-06 00:52:32+00:00,1,2,18,0
1417714902702034948,"I plan to reward myself with either d.s or jjk apparel from uniqlo. Buying online is costly. There was a time from last year where I bought oxgn x naruto online and i was surprised with the sf for just a single piece of cloth. From then on, I learned.",,2021-12-06 00:17:22+00:00,0,0,0,0
1152436387888504837,Check out this listing I just added to my #Poshmark closet: UNIQLO Midi TShirt Dress Navy Blue Cap Sleeve Pockets Side Split Hem XS. https://t.co/79qUmJA7CR #shopmycloset @poshmarkapp,,2021-12-06 00:02:42+00:00,0,0,0,0
1363296843635912704,I'm selling Uniqlo women airism cotton oversized ... for ‚Ç±590. Get it on Shopee now! https://t.co/HbxGZVvaDm #ShopeePH https://t.co/g8wi9KS04o,,2021-12-05 23:44:59+00:00,0,0,0,0
1363296843635912704,I'm selling Uniqlo crew neck short sleeve t-shirt for ‚Ç±390. Get it on Shopee now! https://t.co/qEjKZmO1CD #ShopeePH https://t.co/tWvsGWl92w,,2021-12-05 23:41:41+00:00,0,0,0,0
1264145603178770433,@citylawns i got mine from uniqlo from this pic https://t.co/34MvMngB39,,2021-12-05 23:38:02+00:00,0,0,7,0
1042214641378766848,having the Uniqlo x JJK collab unironically makes you better than other people https://t.co/8osnYX0v4c,,2021-12-05 23:37:40+00:00,0,0,1,0
1363296843635912704,I'm selling Uniqlo Women Crew Neck Short Sleeve for ‚Ç±390. Get it on Shopee now! https://t.co/olTeV9BN7E #ShopeePH https://t.co/RW8JORu8jx,,2021-12-05 23:36:17+00:00,0,0,0,0
1363296843635912704,I'm selling Uniqlo dry-ex crew neck short sleeve ... for ‚Ç±590. Get it on Shopee now! https://t.co/nE6AFSreVp #ShopeePH https://t.co/n5LOWQ8LqZ,,2021-12-05 23:36:04+00:00,0,0,0,0
1363296843635912704,I'm selling Uniqlo Women Crew Neck Short Sleeve for ‚Ç±390. Get it on Shopee now! https://t.co/olTeV9BN7E #ShopeePH https://t.co/Lo3gy4w3Ty,,2021-12-05 23:35:41+00:00,0,0,0,0
1111105594801430528,@sleebytimetea turtleneck from uniqlo I love thee,,2021-12-05 23:19:12+00:00,0,0,1,0
329283727,"@nataliarodmed Uniqlo Heattech clothes are really warm and not too expensive

https://t.co/oLejz6fENj",,2021-12-05 23:06:12+00:00,0,0,1,0
18573661,"@nataliarodmed I've found great stuff on eBay for waaay cheap. I also like Uniqlo's puffers, which are sturdy enough and relatively affordable.",,2021-12-05 23:05:03+00:00,0,0,1,0
1411022817957584899,"@freeone3000 Yep on Uniqlo !! HeaTech, and it wicks moisture as well :)) (btw I‚Äôm ‚ÄòBonnie‚Äô, updated my Twitter to be double safe from political prosecution from the regime ruling at home lol)",,2021-12-05 22:51:22+00:00,0,0,2,0
184098195,@bunmzi @nnabros Was talking about Uniqlo. Was a few years ago.,,2021-12-05 22:47:47+00:00,0,1,1,0
18444681,@nnabros @kezeike Uniqlo haha I was there the other day,,2021-12-05 22:39:45+00:00,0,1,0,0
19196403,@bunmzi @kezeike Nada ‚Ä¶ Uniqlo was gold for me,,2021-12-05 22:36:03+00:00,0,2,1,0
1158457757051293696,"I‚Äôm super late on this but there‚Äôs a Chick Fil A in downtown Brooklyn?!?! 

I remember when Shake Shack became an option for lunch when I opened Uniqlo in Atlantic ü§Ø",,2021-12-05 22:19:27+00:00,0,0,0,0
897528743148867585,bath and body works candle and uniqlo knit sweater purchased https://t.co/XuofQarfPD,,2021-12-05 22:05:47+00:00,0,1,3,0
1355540838181289989,"Incredible!

https://t.co/NGj97D1ESu

#uniqlo #jeans #womens
#sweatshirts https://t.co/pfL6A8OVsA",,2021-12-05 22:04:43+00:00,0,0,0,0
69149293,Uniqlo and Old Navy https://t.co/Yvqgg5pjHE,,2021-12-05 21:39:31+00:00,0,0,1,0
85730737,the soho uniqlo is one of the worst places in manhattan i‚Äôve never not gotten panicky and sweaty in there,,2021-12-05 21:33:57+00:00,0,0,0,0
3021918959,"oh LMAO uniqlo has the exact same thing, identical, for ¬£20 why the hell would u bother with skims",,2021-12-05 21:12:06+00:00,0,0,1,0
525150690,@HHBCNY Uniqlo quietly has pretty good joggers.,,2021-12-05 21:12:01+00:00,0,0,1,0
1075391900,@HHBCNY If u needed another vote for uniqlo u got my endorsement,,2021-12-05 21:09:37+00:00,0,0,2,0
381856162,@HHBCNY Uniqlo! They have active joggers that are moisture wicking and lined sweat joggers that are super warm,,2021-12-05 21:02:46+00:00,0,1,0,0
829695510575452160,Uniqlo is like a better H&amp;M,,2021-12-05 21:02:11+00:00,2,0,0,0
3260778632,@PupusaMami even at Uniqlo lmao,,2021-12-05 20:58:07+00:00,0,1,1,0
1298321928730681345,"@x8Dani Thank you good sir, got it from Uniqlo ü§ù",,2021-12-05 20:54:29+00:00,0,0,1,0
3308692546,Uniqlo &amp; American Eagle https://t.co/BKOwrkfajJ,,2021-12-05 20:35:34+00:00,0,0,1,0
1334725520966234112,my shirt order is ready at uniqlo in square on but i cant go bc im sick :‚Äô) i hope i feel good enough to go tmrrw,,2021-12-05 20:35:10+00:00,0,0,1,0
457923637,So good I had to share! Check out all the items I'm loving on @Poshmarkapp from @Letty701 @orlock13 #poshmark #fashion #style #shopmycloset #uniqlo #cccalifornia #lisarinnacollection: https://t.co/jNEFKAvStv https://t.co/9jMYqCgWd5,,2021-12-05 20:30:51+00:00,0,0,0,0
1426244575459520517,So good I had to share! Check out all the items I'm loving on @Poshmarkapp from @Ray18348022 #poshmark #fashion #style #shopmycloset #uniqlo #framedenim #boohoo: https://t.co/h5FGAoGDg3 https://t.co/pRQhf2oKrd,,2021-12-05 20:30:09+00:00,0,0,0,0
89131515,"@UniqloIn
Awful experience with #uniqlo online shoppingüò° 
Return pick up for orders: 3620088882111142245-0164693 &amp; 3620088882111200803-0172298 completed on 21st &amp; 27th Nov. But refunds not yet received! Can u make the process faster.
 #TomohikoSei 
@UniqloUSA
@UNIQLO_JP",,2021-12-05 20:25:06+00:00,0,2,0,0
9149492,"@plitter Other than that, gloves and a snood and those layers from Uniqlo.",,2021-12-05 20:19:04+00:00,0,2,2,0
1261422352358875136,@kissmemiyake uniqlo u is that bitchhh omg thank u &lt;3,,2021-12-05 20:17:58+00:00,0,0,1,0
750016669271990272,head to toe in uniqlo heat tech but i‚Äôm still cold as fuck Get Me Out of Here Please https://t.co/yea93cUBOa,,2021-12-05 20:13:38+00:00,0,0,0,0
2309089495,I tried on these soft fuzzy lounge pants at uniqlo and‚Ä¶.my ass looked so big in them FIFJJF like it really accentuated üò≠,,2021-12-05 20:03:19+00:00,0,1,3,0
1458371899054911488,"impulsively bought a yellow coat on sale at uniqlo today because it reminded me of taylor‚Äôs yellow coat‚Ä¶

i live in a tropical country where the weather is 30-34 degrees celsius 9 months a year. when the heck am i gonna use it‚Ä¶ https://t.co/fv0xotViDO",,2021-12-05 19:49:00+00:00,0,0,1,0
2567572237,So good I had to share! Check out all the items I'm loving on @Poshmarkapp from @posh_KitYarrish #poshmark #fashion #style #shopmycloset #maxstudio #stevemadden #uniqlo: https://t.co/K1ydR7ucB1 https://t.co/LvfCkmJfbV,,2021-12-05 19:31:00+00:00,0,0,0,0
19713577,@poppers_snob I like Uniqlo underwear. Doesn‚Äôt last very long but super comfy and sexy,,2021-12-05 19:30:40+00:00,0,0,1,0
1088899379283615745,My new Uniqlo undies fit it so nicely! https://t.co/NuORWC9IHt,,2021-12-05 19:29:20+00:00,12,9,228,0
1217800605739241472,"Is that? 

The Uniqlo Jeff Koons collab? Yeah it is https://t.co/uywL0Dz4pR",,2021-12-05 19:27:45+00:00,0,0,4,0
17188903,@freeone3000 yep.  uniqlo.  you won't be sorry.  Got us through a Swedish winter.,,2021-12-05 18:54:02+00:00,0,0,2,0
17188903,@freeone3000 uniqlo sells some options for that that *aren't* wool (read: not so thick),,2021-12-05 18:52:06+00:00,0,1,1,0
14744272,"@JoeyDevlin_ Supima cotton crew necks from Uniqlo are incredible.

@WellBuiltStyle turned me onto them and now I have 6 in all different colors.

I think they're $15 now, but better quality than Target merona's.",,2021-12-05 18:45:13+00:00,0,2,7,1
2351224733,"@badwool9 Got this in a L BNWT yours for the ¬£110 I paid, if you fancy it - White Mountaineering x Uniqlo down hybrid; https://t.co/OiLXDgRxSK",,2021-12-05 18:22:22+00:00,0,1,4,0
41049860,Check out this listing I just added to my #Poshmark closet: Womens Uniqlo Long Sleeve Top 4/$20. https://t.co/6h07wuMJHU #shopmycloset @poshmarkapp,,2021-12-05 18:21:38+00:00,0,0,0,0
1069399386,"Check out this listing I just added to my #Poshmark closet: Uniqlo oversized t-shirt dress, chartreuse color- Size Medium. https://t.co/FtzCbOUGl2 #shopmycloset @poshmarkapp",,2021-12-05 18:12:34+00:00,0,0,0,0
1081827233629646848,@badwool9 Arc‚Äôteryx Goretex shell + a Uniqlo light down imo,,2021-12-05 18:04:59+00:00,0,0,2,0
1286891312197726210,Check out KAWS TOKYO FIRSTUT x UNIQLO Limited Graphic T-shirt 2 types with Canvas Tote Bag #UNIQLO https://t.co/kfyHrjfM5s via @eBay,,2021-12-05 18:04:54+00:00,5,0,4,0
1399747270485188609,@UNIQLO_UK Poor customer service.Want refund on jumper that I bought as a gift whilst a weekend away in Manchester thought I would be able to take it back if it wasn't suitable it can only be returned to the original store. Even though its on sale@ every store - sharp practice !,,2021-12-05 17:43:14+00:00,0,0,0,0
1135302384681402370,@EHSIGranite Zara Uniqlo my main places,,2021-12-05 17:37:02+00:00,0,0,1,0
1466314317444182020,"Weekend.
#UNIQLO #converse #1970s #Â§ßÂ≠∏Áîü #Êó•Â∏∏ #ÁßãÂ≠£Á©øÊê≠ #ÈÄ±Êú´ÂÅáÊúü https://t.co/csd1ZihWo7",,2021-12-05 17:30:38+00:00,0,0,0,0
1337490394326716416,So good I had to share! Check out all the items I'm loving on @Poshmarkapp #poshmark #fashion #style #shopmycloset #ralphlauren #beautyforreal #uniqlo: https://t.co/uPPrWWd86x https://t.co/n7o5TR07Ab,,2021-12-05 17:28:27+00:00,0,0,0,0
753305382672535552,@lepidolites_ thank yooouuu I‚Äôll keep in mind! gonna try the uniqlo ones first but I‚Äôm open to all suggestions lol I hate the mask breakouts so much,,2021-12-05 17:17:29+00:00,0,0,1,0
377148676,Going to uniqlo - you need anything ?,,2021-12-05 17:15:55+00:00,0,1,1,0
24946314,Even the socks are uniqlo,,2021-12-05 17:09:41+00:00,0,0,0,0
24946314,Uniqlo from head 2 toe to remind me of what it‚Äôs like to feel secure and safe. Wish I wasn‚Äôt too depressed to clean my mirror ü§ï https://t.co/7nK9zVvGa3,,2021-12-05 17:09:33+00:00,0,1,4,0
245558038,"Nothing do Zara, ASOS, H&amp;M and Uniqlo they‚Äôre way less expensive and more affordable line but y‚Äôall won‚Äôt stop wearing all these fake Fendi, LV and Gucci Nawa oooo",,2021-12-05 16:59:47+00:00,0,0,2,0
1418517412069056517,"@OOTDFESS YUKKK jajan sweater h&amp;m zara pull&amp;bear stradivarius bershka uniqlo hush puppies under 99k ajaaaüí∏ü§ç
shopee: https://t.co/5w8qDBBWid
instagram: https://t.co/Njrq75NZls https://t.co/TMJI0wOMSG",,2021-12-05 16:59:45+00:00,0,0,1,0
3886010776,@roofiction The ones from Uniqlo are good! Theyre lined with moisture wicking fabric and I‚Äôve used them for both artist alleys I‚Äôve done and they haven‚Äôt cause breakouts like other ones have even when wearing them like all day for 3 days in a row,,2021-12-05 16:55:03+00:00,0,1,1,0
39290522,"Dapat Japan sana this as I promised her ‚Äî but then pandemic‚Ä¶ 

Ate @hannahashira_ won a shopping spree! Hehehehe @ Uniqlo Glorietta 5 https://t.co/L3o6SuT35d","{'place_id': '017a4afa29d71c65', 'coordinates': {'type': 'Point', 'coordinates': [121.02713583, 14.55167816]}}",2021-12-05 16:48:01+00:00,0,0,0,0
1465293997853880327,Uniqlo Girls Gray Leggings 3 #eBay #Baby #Toddler #Clothing¬†#Bottoms https://t.co/4fL5JGQ7ZA,,2021-12-05 16:47:18+00:00,0,0,0,0
1199914052983484416,@ohmybeautybank uniqlo the one and only üò≠üò≠,,2021-12-05 16:41:27+00:00,0,0,0,0
863572378324017158,"@EricTopol @OurWorldInData Uniqlo masks are good quality well fitting washable reusable face masks. When used consistently by 95% of people, that multiplies it's effectiveness, bringing it close to N-95 efficacy, combined with Japanese custom of no talking in public transport

Quantity itself is a quality.",,2021-12-05 16:33:00+00:00,0,0,0,0
1178534937483530240,@NilesIndustries Uniqlo should be able to sort u out lowkey,,2021-12-05 16:29:43+00:00,0,1,1,0
1953017400,So good I had to share! Check out all the items I'm loving on @Poshmarkapp #poshmark #fashion #style #shopmycloset #eddiebauer #uniqlo #teva: https://t.co/q4hGv2ByK8 https://t.co/3vIaysfpEC,,2021-12-05 16:28:11+00:00,0,0,0,0
41086841,yea the jwa x uniqlo womenswear cardigan hitting ngl https://t.co/64e4Ha7o9f,,2021-12-05 16:24:17+00:00,0,0,3,0
2242078188,my closet is now full of sweaters and cardigans from uniqlo h&amp;m and all that shit üò≠,,2021-12-05 16:15:41+00:00,0,0,0,0
1304557404709847041,uniqlo needs to throw in some salsa and bachata in their whack ass playlist,,2021-12-05 16:15:07+00:00,0,0,0,0
949706737073889280,@caratnotcarot17 it happened at Uniqlo lol,,2021-12-05 16:07:48+00:00,0,0,0,0
1466976442642698241,"@UNIQLOPH UNIQLO Live Station is back for the holidays!
 
Join us on December 10, 8:00 PM and get ready to check off your #GiftsForAll list with our holiday offers.
 
Save the date!

Learn more here:
https://t.co/ODYJjrm1YN
 
#UniqloLiveStation
#LifeWear
#UniqloPH https://t.co/938TjUOyp6",,2021-12-05 15:41:22+00:00,0,0,0,0
1422598579978326017,hi welcome to uniqlo https://t.co/QtR3pGKlyx,,2021-12-05 15:41:03+00:00,0,0,0,0
950622617173544960,"Salutations everyone! Time for #YOUROC60min! Now, imagine your OC, but as a cheery Uniqlo worker ...",,2021-12-05 15:40:51+00:00,0,0,0,0
1412935714279358467,Check out this listing I just added to my #Poshmark closet: Uniqlo Mens pullover Sweater Crew Neck Casual Navy Blue Coastal. https://t.co/c8g19MDZQa #shopmycloset @poshmarkapp,,2021-12-05 15:39:51+00:00,0,0,0,0
1222440649200295937,"@MahasiswaUMS erigo, uniqlo, hnm, yezzy",,2021-12-05 15:37:38+00:00,0,0,0,0
5300802,"Keyboard Case: Anytime Acrylic
Pikachu Keyboard: Lowkey Keyboard
Keyboard Cable: KeyCoil
Eevee Cap: ~Japan~
Instinct Pin: Pok√©mon Center Japan
Ditto T-Shirt: Uniqlo https://t.co/jBKyNrOcbb",,2021-12-05 15:36:45+00:00,0,0,2,0
21839958,"Check out this listing I just added to my #Poshmark closet: UNIQLO Navy High Rise Linen Blend, Wide Leg Culottes, 6. https://t.co/lcBToL4NB8 #shopmycloset @poshmarkapp",,2021-12-05 15:31:55+00:00,0,0,0,0
879513803653656576,"Uniqlo size s ‡πÄ‡∏≠‡∏ß23-24

#‡∏™‡πà‡∏á‡∏ï‡πà‡∏≠‡πÄ‡∏™‡∏∑‡πâ‡∏≠‡∏ú‡πâ‡∏≤ #‡∏™‡πà‡∏á‡∏ï‡πà‡∏≠‡πÄ‡∏™‡∏∑‡πâ‡∏≠‡∏ú‡πâ‡∏≤‡∏°‡∏∑‡∏≠‡∏™‡∏≠‡∏á #‡∏™‡πà‡∏á‡∏ï‡πà‡∏≠‡πÄ‡∏™‡∏∑‡πâ‡∏≠‡∏ú‡πâ‡∏≤‡∏°‡∏∑‡∏≠2 #‡πÄ‡∏™‡∏∑‡πâ‡∏≠‡∏ú‡πâ‡∏≤‡∏°‡∏∑‡∏≠‡∏™‡∏≠‡∏á‡∏™‡∏†‡∏≤‡∏û‡∏î‡∏µ #‡πÄ‡∏™‡∏∑‡πâ‡∏≠‡∏ú‡πâ‡∏≤‡∏°‡∏∑‡∏≠2 https://t.co/wDhUrYwigY",,2021-12-05 15:30:26+00:00,0,0,2,0
2835384830,Check out this listing I just added to my #Poshmark closet: New Uniqlo Navy Blue Kids rain/wind waterproof jkt. https://t.co/qIUboxmckS #shopmycloset @poshmarkapp,,2021-12-05 15:21:01+00:00,0,0,0,0
964560412497756160,"saw jjk shirt on uniqlo and spent $16 on it,, i feel dizzy man im so poor https://t.co/KRUcwopVCT",,2021-12-05 15:11:38+00:00,0,0,1,0
308308812,"Check out 'Uniqlo Flannel Skipper Collar', available at RM30 on #Carousell https://t.co/AZvPPWsqmC",,2021-12-05 15:07:43+00:00,0,0,0,0
308308812,"Check out 'Uniqlo Batik Motif 3/4 Sleeve Blouse', available at RM40 on #Carousell https://t.co/rb30ij3nWF",,2021-12-05 15:07:32+00:00,0,0,0,0
1389567900466311169,I bought an animal crossing shirt at uniqlo today. 0 ragrets,,2021-12-05 15:03:26+00:00,0,0,2,0
905632581835661313,"Thrift branded blouse, skirt, trouser zara uniqlo HnM brand korea start from 25K 
IG : thrift2you_

Promo gojek promo grab
Shopee
https://t.co/9Hs20dAp7H",,2021-12-05 15:03:01+00:00,0,0,0,0
18873627,The Uniqlo heattech ain‚Äôt heating‚Ä¶ how you turn it onü§î,{'place_id': '06b9691f34c91d1c'},2021-12-05 15:01:39+00:00,0,2,0,0
17020166,Uniqlo need this too! https://t.co/dDoJRhw4jP,{'place_id': 'ad0583514bf760c4'},2021-12-05 15:01:14+00:00,1,0,2,0
85863883,@ArbaleteBean Uniqlo has provided! https://t.co/h58Yn06CGW,,2021-12-05 14:53:49+00:00,0,0,2,0
1239581094195986432,@canpacinobox I think that might be a turtleneck. Uniqlo may have some.,,2021-12-05 14:50:31+00:00,0,1,1,0
624475420,Manifesting a uniqlo wardrobe üßéüèª‚Äç‚ôÄÔ∏è,,2021-12-05 14:50:09+00:00,0,0,2,0
834297269398683648,"Check out Uniqlo Men's Jeans Selvedge Slim Fit Straight 32"" x 34"" Low Rise Blue https://t.co/6w8H7tHDke @eBay",,2021-12-05 14:47:45+00:00,1,0,0,0
97077482,If you don‚Äôt buy your socks from Uniqlo where do you even buy your socks from,,2021-12-05 14:46:02+00:00,0,0,1,0
3317279273,"Uniqlo (Tokyo, Japan), Central Asia and the Northeast special prize for an Interior (Shops &amp; Stores category) #PrixVersailles2021 #ContinentalTitle #ShopsStores2021 @UNIQLO_JP @HerzogdeMeuron https://t.co/es3D1JZe5u

¬© Nacasa &amp; Partners https://t.co/CGZFwJOPPD",,2021-12-05 14:24:39+00:00,0,0,45,0
1279603683328581634,Can someone compare this with the uniqlo one. Yang uniqo tu lama2 ada lint unless yang airsm memang takde. https://t.co/L5PSHSOLse,,2021-12-05 14:23:24+00:00,0,3,1,0
1280616659846221828,@666zuni uniqlo's got great wife beaters,,2021-12-05 14:19:52+00:00,0,0,0,0
1280616659846221828,@666zuni buy from uniqlo,,2021-12-05 14:19:16+00:00,0,0,0,0
243949515,Check out this listing I just added to my #Poshmark closet: Uniqlo unisex snoopy sweater with beanie. https://t.co/VKsbhnXS8s #shopmycloset @poshmarkapp,,2021-12-05 14:12:45+00:00,0,0,0,0
1279964436044734464,"Chisato @chi_tararan217 

Tops: UNIQLO
skirt: PRZHonskaya
coat: COUP DE CHANCE
shoes: Alexander MuQUEEN
bag: MARC JACOBS https://t.co/k8Bz9M49aL",,2021-12-05 14:11:10+00:00,1,0,13,0
702761018,"‚ô≤Recycling technology continues to evolve &amp; offer new potential‚ô≤

This fleece jacket will keep you warm all winter long, with fabric made from polyester chips recycled from PET bottles.

Learn about #UNIQLOSustainability here:
https://t.co/TsqDXeGr0G

#UniqloPH #LifeWear https://t.co/cOKmqoXU9l",,2021-12-05 14:08:17+00:00,3,0,8,0
2846968921,UNIQLO√óWhiteMountaineering https://t.co/zUYG4hbHMd,,2021-12-05 14:07:13+00:00,0,0,2,0
1206976389657677825,Bonus: I got this from uniqlo because it was on sale https://t.co/wkzNO7adqK,,2021-12-05 14:03:34+00:00,0,2,6,0
1127940563896942598,@aixabruh yeah uniqlo definitely my fav affordable clothing brand,,2021-12-05 13:55:45+00:00,0,0,0,0
374544163,Hmm. Should i make a custom shirt at UniQlo? ü§î,,2021-12-05 13:54:01+00:00,0,1,0,0
1243502127554551809,HOW DO I BUY THE NOBARA JJK X UNIQLO VOLUME 1 SHIRT,,2021-12-05 13:48:50+00:00,0,0,0,0
1412153383314669571,@UniqloUSA @UNIQLO_UK RELEASE JJBA X UNIQLO AGAIN PLEASE PLEASE PLEASE I BEG PLEASEEEEEEEEEEEEEEEEEEEEEEEEEEEEEEEEEEEEEEEEEEEEEEEEEEEEEEEEEEEEEEEEEEEEEEEEEEEEEEEEEEEEEEEEEEEEEEEEEEEEEEEEEEEEEEEEEEEEE,,2021-12-05 13:37:00+00:00,0,0,0,0
1434642181478707202,Uniqlo U FW19 Olive/Dark Grey Wool Blend Pea Coat Size XS https://t.co/ZRz3BNCPS6 eBay https://t.co/Dskm2TSLMj,,2021-12-05 13:07:04+00:00,0,0,0,0
123512179,The exact opposite of Uniqlo is Biasaajague.,,2021-12-05 13:00:26+00:00,0,0,0,0
1213498777069219841,@peacockprinces5 this has cotton on/ H&amp;M/ Zara/ Uniqlo/ general pants written all over it,,2021-12-05 12:56:35+00:00,0,1,0,0
984224203,"I miss Uniqlo üò¢

Before pandemic, as a mall rat, I would always make sure to visit their store even without buying anything from them lol. I would just walk around all the aisles making sure I‚Äôve seen all their displays hahaha",,2021-12-05 12:56:15+00:00,0,0,2,0
1081970043557048320,i miss hearing ‚Äúhere at uniqlo‚Ä¶.‚Äù gagi,,2021-12-05 12:38:12+00:00,0,0,2,0
40275479,@OROROwear ok hear me out‚Ä¶the vest you  have with sleeves hood &amp; longer; I‚Äôm willing to break up with Uniqlo jackets for you. But I like the light bubble jacket heattech like jacket to go under my wool coats‚Ä¶.,,2021-12-05 12:35:41+00:00,0,0,0,0
1032616793704022016,Buying clothes wasnt really on my mind kay lagi someone sent clothes last october then I went to Uniqlo and buy a league shirt and then the Louvre collection is stuck on my head and on sale pajud tohhh ahhhhhh fuck fuckkkk dugay pakobkabalik juuud https://t.co/c8CQ8fKKjt,,2021-12-05 12:24:44+00:00,0,0,1,0
1216391900611018752,"uniqlo date w mom

ps. we kinda weird https://t.co/RzJAcmVdBA",,2021-12-05 12:23:28+00:00,0,0,0,0
